pedido_id,data_pedido,cliente_id,uf,produto,categoria,qtd,valor_unit,desconto_%,status,avaliacao
1102,2024-03-02,C191,MG,HD Externo 2TB,Armazenamento,2.0,349.0,0.0,entregue,4.0
1947,2024-04-14,C036,PA,Toner HP,Impressoras,1.0,129.0,0.0,entregue,5.0
1307,2024-12-07,C031,MG,Mouse Gamer,Periféricos,1.0,89.0,10.0,em_transito,
1110,2024-08-07,C079,MG,Headset 7.1,Periféricos,1.0,349.0,20.0,entregue,5.0
2062,2024-02-15,C119,SP,Suporte Notebook,Acessórios,2.0,89.9,0.0,entregue,4.0
2177,2024-09-30,C145,SP,SSD 1TB,Armazenamento,1.0,289.0,10.0,cancelado,
1631,2024-10-16,C146,RJ,Hub USB-C,Acessórios,1.0,129.0,5.0,entregue,4.0
1050,2024-10-06,C010,PE,Impressora Jato,Impressoras,1.0,599.0,0.0,entregue,4.0
1480,2024-01-15,C181,SC,Hub USB-C,Acessórios,4.0,129.0,5.0,entregue,3.0
1925,2024-08-30,C128,SP,SSD 500GB,Armazenamento,2.0,189.0,0.0,entregue,4.0
1411,2024-12-12,,MG,Carregador USB-C 65W,Acessórios,1.0,149.0,0.0,entregue,4.0
1999,2024-10-23,C196,SP,"Monitor 27"" 144Hz",Monitores,1.0,1499.0,0.0,entregue,5.0
1156,2024-04-25,C174,PR,SSD 500GB,Armazenamento,5.0,189.0,20.0,cancelado,
1802,2024-10-26,C179,MG,SSD 1TB,Armazenamento,1.0,289.0,0.0,entregue,4.0
2001,2024-07-06,C179,RS,"Monitor 32"" 4K",Monitores,1.0,2499.0,20.0,entregue,4.0
1079,2024-08-02,C138,PR,Teclado RGB,Periféricos,1.0,189.9,5.0,entregue,3.0
1803,2024-12-30,C052,CE,Mousepad XL,Periféricos,1.0,59.9,0.0,entregue,5.0
1987,2024-02-19,C137,RS,Impressora Laser,Impressoras,3.0,999.0,0.0,entregue,4.0
1853,2024-10-17,C088,MG,Suporte Notebook,Acessórios,1.0,89.9,10.0,entregue,5.0
1278,2024-06-16,C157,RJ,Suporte Notebook,Acessórios,1.0,89.9,5.0,devolvido,2.0
1129,2024-09-04,C121,SP,SSD 1TB,Armazenamento,1.0,289.0,0.0,em_transito,
1880,2024-09-05,C047,BA,Pendrive 64GB,Armazenamento,3.0,49.9,0.0,entregue,3.0
2170,2024-10-10,C105,SP,Teclado RGB,Periféricos,1.0,189.9,5.0,devolvido,1.0
1618,2024-04-01,C065,MG,Cabo HDMI 2m,Acessórios,1.0,39.9,0.0,entregue,4.0
1746,2024-11-11,C069,MG,Suporte Notebook,Acessórios,2.0,89.9,10.0,entregue,3.0
1433,2024-12-15,C045,PR,Impressora Laser,Impressoras,4.0,999.0,10.0,entregue,2.0
1175,2024-05-20,C160,RS,"Monitor 24""",Monitores,1.0,899.0,0.0,em_transito,
1644,2024-07-06,C151,SC,"Monitor 32"" 4K",Monitores,3.0,2499.0,5.0,entregue,5.0
1582,2024-04-23,C001,RJ,Impressora Jato,Impressoras,3.0,599.0,,entregue,4.0
1430,2024-06-03,C053,MG,HD Externo 2TB,Armazenamento,1.0,349.0,10.0,entregue,2.0
1671,2024-03-30,C164,MG,Toner HP,Impressoras,1.0,129.0,15.0,em_transito,
1378,2024-12-10,C128,SP,Headset 7.1,Periféricos,1.0,349.0,,entregue,4.0
1807,2024-03-15,C046,PR,"Monitor 27"" 144Hz",Monitores,1.0,1499.0,0.0,cancelado,
1452,2024-04-10,C188,GO,Headset 7.1,Periféricos,2.0,349.0,0.0,entregue,4.0
1193,2024-03-30,C034,RJ,Teclado RGB,Periféricos,2.0,189.9,5.0,cancelado,
2197,2024-01-13,C152,BA,HD Externo 2TB,Armazenamento,4.0,349.0,10.0,entregue,4.0
1423,2024-08-04,C178,SP,Teclado RGB,Periféricos,1.0,189.9,0.0,cancelado,
1045,2024-10-10,C077,DF,Suporte Notebook,Acessórios,,89.9,15.0,entregue,5.0
1738,2024-11-22,C130,RJ,Pendrive 64GB,Armazenamento,1.0,49.9,,devolvido,3.0
2074,2024-03-13,C067,SP,Cabo HDMI 2m,Acessórios,1.0,39.9,0.0,devolvido,3.0
2140,2024-06-04,C186,RJ,"Monitor 27"" 144Hz",Monitores,1.0,1499.0,10.0,devolvido,1.0
2066,2024-05-24,C187,SC,Teclado RGB,Periféricos,1.0,189.9,5.0,entregue,4.0
2167,2024-04-02,C007,PR,Mouse Gamer,Periféricos,1.0,89.0,0.0,entregue,5.0
1159,2024-01-13,C159,CE,Webcam 4K,Câmeras,1.0,499.0,15.0,entregue,2.0
2146,11/02/2024,,SP,HD Externo 2TB,Armazenamento,3.0,349.0,5.0,entregue,4.0
1077,2024-04-15,C108,RJ,"Monitor 32"" 4K",Monitores,2.0,2499.0,15.0,entregue,5.0
2171,2024-10-10,C151,SC,Mousepad XL,Periféricos,1.0,59.9,5.0,cancelado,
1071,2024-05-07,C032,MG,Suporte Notebook,Acessórios,3.0,89.9,10.0,em_transito,
2032,2024-12-09,C196,MG,Webcam HD,Câmeras,3.0,259.0,5.0,entregue,3.0
1775,2024-03-28,C016,SP,Carregador USB-C 65W,Acessórios,2.0,149.0,5.0,entregue,5.0
1169,2024-03-07,C139,SP,"Monitor 24""",Monitores,1.0,899.0,10.0,entregue,1.0
1919,2024-02-15,C181,SC,"Monitor 24""",Monitores,3.0,899.0,5.0,cancelado,
1683,2024-02-08,C142,DF,Carregador USB-C 65W,Acessórios,1.0,149.0,0.0,devolvido,1.0
1887,2024-11-29,C070,RJ,Hub USB-C,Acessórios,1.0,129.0,0.0,entregue,4.0
1529,2024-04-24,C065,RS,Mousepad XL,Periféricos,4.0,59.9,10.0,entregue,4.0
1299,2024-07-22,C127,SP,Headset 7.1,Periféricos,2.0,3490.0,15.0,entregue,2.0
1024,2024-03-25,C068,MG,Suporte Notebook,Acessórios,2.0,89.9,20.0,em_transito,
1523,2024-01-30,C064,SP,Teclado RGB,Periféricos,1.0,189.9,0.0,entregue,4.0
2055,2024-02-21,C042,SC,Teclado RGB,Periféricos,1.0,189.9,0.0,entregue,5.0
1124,2024-01-01,C169,CE,Mousepad XL,Periféricos,1.0,59.9,0.0,Entregue,5.0
1044,2024-10-05,C181,RJ,Webcam HD,Câmeras,5.0,259.0,10.0,entregue,5.0
1059,2024-06-09,C112,RS,Mouse Gamer,Periféricos,1.0,89.0,0.0,entregue,4.0
1332,2024-08-01,C143,MG,Suporte Notebook,Acessórios,1.0,89.9,0.0,entregue,2.0
1219,2024-05-25,C193,PR,Cabo HDMI 2m,Acessórios,1.0,39.9,5.0,entregue,5.0
1859,2024-12-13,C078,GO,Impressora Jato,Impressoras,4.0,599.0,10.0,devolvido,5.0
1315,2024-01-12,C102,SP,Cabo HDMI 2m,Acessórios,1.0,39.9,0.0,entregue,4.0
1756,2024-10-11,,DF,Carregador USB-C 65W,Acessórios,1.0,149.0,0.0,entregue,3.0
2000,2024-10-02,C002,ES,Mouse Gamer,Periféricos,1.0,89.0,0.0,entregue,5.0
1843,2024-07-19,C046,SC,Pendrive 64GB,Armazenamento,3.0,49.9,5.0,entregue,4.0
1324,2024-04-15,C018,SP,Toner HP,Impressoras,1.0,129.0,5.0,entregue,2.0
1662,2024-07-11,C168,SP,"Monitor 27"" 144Hz",Monitores,3.0,1499.0,5.0,entregue,4.0
1211,2024-11-04,C039,RJ,Webcam HD,câmeras,1.0,259.0,0.0,entregue,5.0
1114,2024-04-11,C109,SP,"Monitor 32"" 4K",Monitores,1.0,2499.0,0.0,entregue,3.0
1428,2024-06-28,C110,RJ,HD Externo 2TB,Armazenamento,1.0,349.0,0.0,entregue,4.0
1436,2024-05-22,C022,RJ,Carregador USB-C 65W,Acessórios,1.0,149.0,0.0,cancelado,
1052,2024-07-27,C159,PR,Mousepad XL,Periféricos,4.0,59.9,0.0,entregue,5.0
1221,2024-07-14,C129,MG,Carregador USB-C 65W,Acessórios,5.0,149.0,10.0,cancelado,
2108,2024-04-13,C076,MG,Toner HP,Impressoras,3.0,129.0,0.0,entregue,5.0
2117,2024-04-12,C041,RS,Hub USB-C,Acessórios,1.0,129.0,5.0,em_transito,
1293,2024-12-22,C070,SP,Carregador USB-C 65W,Acessórios,2.0,149.0,5.0,entregue,5.0
1359,2024-06-18,C099,PR,Impressora Jato,Impressoras,1.0,599.0,20.0,cancelado,
1343,2024-09-07,C186,RS,Teclado RGB,Periféricos,1.0,189.9,0.0,cancelado,
1693,2024-07-24,C072,MG,SSD 1TB,Armazenamento,1.0,289.0,20.0,entregue,5.0
1248,2024-10-20,C036,MG,Impressora Jato,Impressoras,1.0,599.0,5.0,entregue,3.0
1055,2024-08-28,C057,SP,SSD 500GB,Armazenamento,4.0,189.0,0.0,cancelado,
1794,2024-01-08,C070,ES,Headset 7.1,Periféricos,1.0,349.0,10.0,entregue,3.0
1894,2024-12-04,C020,RS,Teclado RGB,Periféricos,4.0,189.9,0.0,entregue,5.0
1845,2024-02-10,C194,PR,Mouse Gamer,Periféricos,1.0,89.0,0.0,cancelado,
1057,2024-05-22,C090,RS,Impressora Jato,Impressoras,1.0,599.0,20.0,entregue,5.0
1087,2024-12-24,C066,,Headset 7.1,Periféricos,1.0,349.0,5.0,cancelado,
1483,2024-06-14,C016,SP,Suporte Notebook,Acessórios,1.0,89.9,15.0,cancelado,
1856,2024-07-13,C084,MG,Carregador USB-C 65W,Acessórios,2.0,149.0,0.0,cancelado,
1558,2024-03-11,C108,PE,"Monitor 24""",Monitores,1.0,899.0,10.0,entregue,3.0
2168,2024-05-12,C097,DF,Suporte Notebook,Acessórios,3.0,89.9,0.0,entregue,5.0
1410,2024-05-21,C168,SP,Mouse Gamer,Periféricos,3.0,89.0,0.0,entregue,5.0
1603,2024-04-09,C076,RJ,Pendrive 64GB,Armazenamento,5.0,49.9,0.0,em_transito,
1701,2024-08-16,C021,RJ,Webcam HD,Câmeras,1.0,259.0,5.0,entregue,3.0
1395,2024-12-27,C077,GO,Teclado RGB,periféricos,1.0,189.9,10.0,entregue,4.0
1424,2024-02-22,C027,RJ,Teclado RGB,Periféricos,3.0,189.9,0.0,cancelado,
1873,2024-06-08,C157,SP,Hub USB-C,Acessórios,1.0,129.0,10.0,entregue,4.0
1329,2024-10-11,C127,SP,Hub USB-C,Acessórios,1.0,129.0,5.0,entregue,4.0
2152,2024-03-01,C096,RJ,Hub USB-C,Acessórios,1.0,129.0,0.0,entregue,3.0
1623,2024-07-19,C140,SP,"Monitor 27"" 144Hz",Monitores,2.0,1499.0,0.0,devolvido,4.0
1651,2024-11-22,C005,CE,"Monitor 24""",Monitores,2.0,899.0,10.0,em_transito,
1245,2024-09-19,C192,SC,Headset 7.1,Periféricos,4.0,349.0,0.0,entregue,5.0
1291,2024-06-25,C198,BA,Webcam 4K,Câmeras,1.0,499.0,0.0,entregue,4.0
1672,2024-09-22,C074,SP,"Monitor 27"" 144Hz",Monitores,2.0,1499.0,5.0,entregue,5.0
1963,2024-09-30,C078,SP,Webcam HD,Câmeras,1.0,259.0,15.0,cancelado,
1197,24/02/2024,C063,RJ,Headset 7.1,Periféricos,1.0,349.0,0.0,devolvido,2.0
2095,2024-12-16,C077,PE,SSD 1TB,Armazenamento,1.0,289.0,0.0,entregue,2.0
1579,2024-02-16,C155,ES,Webcam HD,Câmeras,2.0,259.0,15.0,entregue,5.0
2027,2024-12-07,C087,SP,Impressora Laser,Impressoras,1.0,999.0,20.0,entregue,5.0
2009,2024-04-29,C109,PR,Toner HP,Impressoras,1.0,129.0,10.0,entregue,4.0
1742,2024-09-05,C050,SP,Headset 7.1,Periféricos,1.0,349.0,10.0,entregue,4.0
1108,2024-03-17,C145,DF,Suporte Notebook,Acessórios,1.0,89.9,0.0,entregue,4.0
1199,2024-06-27,C090,PR,Mousepad XL,Periféricos,3.0,59.9,10.0,entregue,3.0
2080,2024-03-16,C032,RJ,Impressora Jato,Impressoras,1.0,599.0,0.0,cancelado,
1719,2024-07-30,C049,PE,Hub USB-C,Acessórios,1.0,129.0,0.0,entregue,5.0
2056,2024-06-16,C117,SC,Impressora Jato,Impressoras,2.0,599.0,5.0,entregue,4.0
1275,2024-11-15,C175,RS,Webcam HD,Câmeras,1.0,259.0,0.0,entregue,5.0
1362,2024-01-16,C163,SP,Carregador USB-C 65W,Acessórios,5.0,149.0,5.0,entregue,5.0
1200,2024-04-11,C045,RS,Impressora Laser,Impressoras,2.0,999.0,10.0,entregue,5.0
1082,2024-02-12,C165,RJ,SSD 1TB,Armazenamento,3.0,289.0,0.0,entregue,4.0
1755,2024-04-19,C081,SP,"Monitor 32"" 4K",Monitores,3.0,2499.0,10.0,entregue,4.0
1858,2024-07-18,C158,,HD Externo 2TB,Armazenamento,1.0,349.0,10.0,entregue,4.0
1747,2024-09-22,C025,SP,Pendrive 64GB,Armazenamento,1.0,49.9,0.0,entregue,5.0
1986,2024-06-14,C081,PE,Teclado RGB,periféricos,2.0,189.9,0.0,entregue,5.0
1917,2024-03-27,C179,RJ,"Monitor 27"" 144Hz",Monitores,1.0,1499.0,0.0,entregue,3.0
2193,2024-07-27,C071,SP,Headset 7.1,Periféricos,1.0,349.0,5.0,entregue,2.0
1592,2024-10-10,C162,SP,Pendrive 64GB,Armazenamento,1.0,49.9,10.0,entregue,5.0
2076,2024-05-15,C133,RJ,Toner HP,Impressoras,3.0,129.0,0.0,em_transito,
1148,2024-05-31,C180,SP,Headset 7.1,Periféricos,5.0,349.0,10.0,entregue,4.0
1234,2024-01-09,C092,BA,Headset 7.1,Periféricos,1.0,349.0,10.0,entregue,5.0
1210,2024-06-20,C017,RJ,Impressora Jato,Impressoras,1.0,599.0,0.0,entregue,5.0
1891,2024-02-17,C015,DF,Suporte Notebook,Acessórios,2.0,89.9,10.0,em_transito,
1904,2024-11-27,C024,RJ,"Monitor 27"" 144Hz",Monitores,3.0,1499.0,0.0,devolvido,3.0
1472,2024-07-29,C141,,Carregador USB-C 65W,Acessórios,1.0,149.0,0.0,entregue,5.0
1731,2024-12-18,C153,SP,Headset 7.1,Periféricos,2.0,349.0,0.0,entregue,5.0
1924,2024-12-03,C054,SP,"Monitor 24""",Monitores,1.0,899.0,10.0,entregue,5.0
1425,2024-03-09,C165,PA,Webcam HD,Câmeras,1.0,259.0,5.0,entregue,5.0
1276,2024-10-12,C094,PR,Mouse Gamer,Periféricos,1.0,89.0,5.0,entregue,2.0
1708,2024-03-20,C022,SC,"Monitor 24""",Monitores,3.0,899.0,0.0,entregue,4.0
1702,2024-06-21,C108,RS,Mousepad XL,Periféricos,1.0,59.9,10.0,entregue,3.0
2192,2024-08-06,C165,SC,"Monitor 32"" 4K",Monitores,2.0,2499.0,15.0,entregue,5.0
1679,2024-10-15,,PR,Mousepad XL,Periféricos,2.0,59.9,,entregue,4.0
1568,2024-03-26,C029,SP,Suporte Notebook,Acessórios,2.0,89.9,20.0,devolvido,1.0
1875,2024-05-28,C043,SP,"Monitor 24""",Monitores,4.0,899.0,10.0,cancelado,
1185,2024-12-21,C069,SP,"Monitor 27"" 144Hz",Monitores,1.0,1499.0,10.0,em_transito,
2028,2024-02-08,C138,SP,Impressora Laser,Impressoras,1.0,999.0,0.0,entregue,5.0
1136,2024-09-10,C010,SP,Pendrive 64GB,Armazenamento,5.0,49.9,0.0,entregue,5.0
1629,2024-10-24,C125,ES,Impressora Laser,Impressoras,1.0,999.0,10.0,entregue,4.0
1320,2024-07-20,C136,SP,Pendrive 64GB,Armazenamento,5.0,49.9,10.0,cancelado,
1267,2024-06-25,C103,SP,Cabo HDMI 2m,Acessórios,1.0,39.9,5.0,entregue,4.0
1141,2024-02-16,,ES,SSD 1TB,Armazenamento,2.0,289.0,10.0,entregue,3.0
1705,2024-07-30,,SP,Impressora Jato,Impressoras,1.0,599.0,10.0,entregue,5.0
1333,2024-08-18,C095,,Mouse Gamer,Periféricos,2.0,89.0,0.0,entregue,5.0
1590,2024-07-22,C088,ES,Pendrive 64GB,Armazenamento,1.0,49.9,0.0,entregue,5.0
1786,2024-09-25,C035,RJ,"Monitor 24""",Monitores,4.0,899.0,10.0,entregue,4.0
1412,2024-11-20,C197,SP,Toner HP,Impressoras,1.0,129.0,0.0,em_transito,
1209,09/07/2024,C073,RJ,"Monitor 32"" 4K",Monitores,2.0,2499.0,10.0,entregue,5.0
1732,2024-06-22,C195,RS,Toner HP,Impressoras,1.0,129.0,5.0,entregue,5.0
2199,2024-08-12,C196,SP,Impressora Laser,Impressoras,1.0,999.0,0.0,em_transito,
2198,2024-06-23,C014,PE,HD Externo 2TB,Armazenamento,1.0,349.0,0.0,Entregue,5.0
1171,2024-09-26,C030,PR,Carregador USB-C 65W,Acessórios,1.0,149.0,10.0,entregue,3.0
1655,2024-09-24,C130,SC,Suporte Notebook,Acessórios,3.0,89.9,5.0,entregue,5.0
1773,2024-10-02,C055,SP,Webcam HD,Câmeras,1.0,259.0,0.0,entregue,5.0
1241,2024-09-22,C069,BA,Mousepad XL,Periféricos,2.0,59.9,0.0,entregue,5.0
2132,2024-12-04,C165,SP,Impressora Jato,Impressoras,1.0,599.0,20.0,em_transito,
1164,2024-04-30,C093,SP,HD Externo 2TB,Armazenamento,2.0,349.0,5.0,em_transito,
1520,2024-11-26,C023,SP,Webcam HD,Câmeras,1.0,259.0,10.0,cancelado,
1940,2024-07-02,C076,SP,Mouse Gamer,Periféricos,5.0,89.0,0.0,entregue,3.0
1157,2024-07-06,C024,BA,HD Externo 2TB,Armazenamento,1.0,349.0,5.0,entregue,5.0
1824,2024-06-02,C130,MG,HD Externo 2TB,Armazenamento,2.0,349.0,0.0,entregue,4.0
1860,2024-10-25,C003,RS,Hub USB-C,Acessórios,1.0,129.0,10.0,devolvido,1.0
1724,2024-02-06,C140,MG,SSD 1TB,Armazenamento,1.0,289.0,10.0,cancelado,
1944,2024-12-23,C157,MG,Mousepad XL,Periféricos,2.0,59.9,10.0,entregue,5.0
1322,2024-05-06,C118,RJ,Mousepad XL,Periféricos,1.0,59.9,15.0,cancelado,
1515,2024-07-29,C068,RJ,Mouse Gamer,Periféricos,1.0,89.0,5.0,entregue,4.0
1888,2024-12-11,C192,SP,Impressora Laser,Impressoras,2.0,999.0,10.0,entregue,5.0
1595,2024-09-30,C074,CE,"Monitor 27"" 144Hz",Monitores,1.0,1499.0,0.0,entregue,4.0
1606,2024-01-27,C199,DF,Teclado RGB,Periféricos,2.0,189.9,10.0,entregue,4.0
1406,2024-04-17,C189,RS,Pendrive 64GB,Armazenamento,1.0,49.9,,entregue,3.0
1429,2024-11-03,C185,RS,Pendrive 64GB,Armazenamento,2.0,49.9,10.0,devolvido,2.0
1614,2024-09-20,C022,,Mouse Gamer,Periféricos,1.0,89.0,20.0,entregue,1.0
1965,2024-05-31,C122,GO,HD Externo 2TB,Armazenamento,5.0,349.0,10.0,em_transito,
1739,2024-05-02,C083,PR,Hub USB-C,Acessórios,2.0,129.0,5.0,entregue,4.0
1725,2024-01-07,C032,ES,Cabo HDMI 2m,Acessórios,2.0,39.9,0.0,em_transito,
2098,2024-04-01,C047,PE,Headset 7.1,Periféricos,1.0,349.0,5.0,entregue,4.0
1097,2024-06-23,C072,CE,Mouse Gamer,Periféricos,2.0,89.0,0.0,entregue,5.0
1448,2024-06-12,C070,PE,Mousepad XL,Periféricos,1.0,59.9,0.0,entregue,2.0
1826,2024-12-10,C123,GO,Teclado RGB,Periféricos,2.0,189.9,5.0,entregue,5.0
1179,2024-03-19,C176,DF,Mouse Gamer,Periféricos,1.0,89.0,10.0,entregue,3.0
1032,2024-08-17,C036,RJ,Webcam 4K,Câmeras,1.0,499.0,0.0,em_transito,
1356,2024-02-08,C176,DF,Toner HP,Impressoras,3.0,129.0,5.0,entregue,5.0
1862,2024-01-16,C061,RJ,Webcam 4K,Câmeras,1.0,499.0,5.0,entregue,4.0
1334,2024-11-04,C011,CE,Mouse Gamer,Periféricos,1.0,89.0,10.0,cancelado,
1567,2024-08-21,C070,PE,Hub USB-C,Acessórios,2.0,129.0,5.0,entregue,5.0
1287,2024-12-12,C198,CE,HD Externo 2TB,Armazenamento,2.0,349.0,10.0,entregue,4.0
1372,2024-07-21,C086,PE,Webcam HD,Câmeras,1.0,259.0,15.0,entregue,4.0
1600,2024-07-14,C100,RJ,Mouse Gamer,Periféricos,2.0,89.0,10.0,em_transito,
1310,2024-08-29,C194,MG,Carregador USB-C 65W,Acessórios,2.0,149.0,0.0,entregue,5.0
1089,2024-12-12,C097,RJ,"Monitor 24""",Monitores,2.0,899.0,0.0,entregue,5.0
2008,2024-03-27,C017,RJ,"Monitor 32"" 4K",Monitores,1.0,2499.0,0.0,devolvido,2.0
1426,2024-08-13,C090,PR,SSD 500GB,Armazenamento,2.0,189.0,0.0,entregue,5.0
1351,2024-05-16,C102,SP,Pendrive 64GB,Armazenamento,4.0,49.9,5.0,entregue,5.0
1232,2024-12-06,C172,SP,Cabo HDMI 2m,Acessórios,5.0,39.9,0.0,entregue,4.0
2044,2024-06-09,C085,PE,Impressora Laser,Impressoras,2.0,999.0,10.0,cancelado,
1311,2024-02-11,C135,RJ,Webcam HD,Câmeras,2.0,259.0,0.0,entregue,2.0
1468,2024-04-11,C166,RJ,Toner HP,Impressoras,1.0,129.0,15.0,cancelado,
1622,2024-08-12,C098,RJ,"Monitor 24""",Monitores,2.0,899.0,5.0,entregue,3.0
1271,2024-09-15,C118,ES,"Monitor 27"" 144Hz",Monitores,1.0,1499.0,0.0,entregue,4.0
2094,2024-02-12,C075,MG,Toner HP,Impressoras,1.0,129.0,10.0,entregue,5.0
1440,2024-03-02,C004,SC,Impressora Laser,Impressoras,2.0,999.0,0.0,em_transito,
1416,2024-10-07,C148,SP,Teclado RGB,Periféricos,3.0,189.9,10.0,devolvido,3.0
1524,2024-08-25,C130,RJ,Toner HP,Impressoras,4.0,129.0,10.0,entregue,4.0
1011,2024-03-24,C119,RJ,Webcam HD,Câmeras,5.0,259.0,5.0,entregue,5.0
1495,2024-12-17,C058,SP,Hub USB-C,Acessórios,1.0,129.0,10.0,entregue,4.0
1985,2024-02-09,C132,SP,Mousepad XL,Periféricos,2.0,59.9,,entregue,3.0
1479,2024-06-30,C045,SP,"Monitor 32"" 4K",Monitores,1.0,2499.0,10.0,entregue,5.0
1060,2024-12-28,C112,SP,SSD 500GB,Armazenamento,4.0,189.0,5.0,entregue,5.0
2063,2024-05-13,C039,SP,"Monitor 24""",Monitores,1.0,899.0,15.0,entregue,5.0
1064,2024-03-30,C158,MG,Suporte Notebook,Acessórios,1.0,89.9,10.0,entregue,3.0
1290,2024-05-20,C074,SP,Headset 7.1,Periféricos,2.0,349.0,0.0,em_transito,
1266,2024-08-13,C107,MG,Teclado RGB,Periféricos,1.0,189.9,5.0,entregue,5.0
1707,2024-10-07,C014,SP,Impressora Laser,Impressoras,1.0,999.0,10.0,entregue,4.0
1830,2024-11-16,C137,PE,SSD 1TB,Armazenamento,1.0,289.0,0.0,entregue,5.0
1491,2024-03-26,C163,CE,"Monitor 32"" 4K",Monitores,1.0,2499.0,10.0,entregue,5.0
1653,2024-03-14,C150,PE,Cabo HDMI 2m,Acessórios,1.0,39.9,10.0,entregue,5.0
1244,2024-08-10,C071,RS,Toner HP,Impressoras,2.0,129.0,0.0,entregue,4.0
2069,2024-12-28,C109,PR,Mouse Gamer,Periféricos,1.0,89.0,0.0,entregue,4.0
1584,2024-02-24,C066,RS,Webcam 4K,Câmeras,1.0,499.0,15.0,entregue,4.0
1353,2024-07-26,C098,RJ,Suporte Notebook,Acessórios,1.0,89.9,5.0,entregue,3.0
1261,2024-06-04,C158,MG,Toner HP,Impressoras,1.0,129.0,0.0,em_transito,
2128,2024-07-03,C162,SC,Mouse Gamer,Periféricos,1.0,89.0,10.0,entregue,3.0
1678,2024-09-19,C066,CE,"Monitor 24""",Monitores,3.0,899.0,5.0,entregue,5.0
2036,2024-02-02,C163,SP,Hub USB-C,Acessórios,1.0,129.0,10.0,entregue,4.0
1909,2024-01-19,C087,SP,SSD 500GB,Armazenamento,2.0,189.0,0.0,entregue,5.0
2136,2024-11-29,C114,SC,"Monitor 27"" 144Hz",Monitores,,1499.0,10.0,entregue,3.0
1895,2024-06-14,C066,SP,Suporte Notebook,Acessórios,1.0,89.9,10.0,entregue,4.0
1867,2024-11-05,C109,RS,Teclado RGB,Periféricos,1.0,189.9,5.0,cancelado,
2007,2024-09-24,C169,SC,Impressora Laser,Impressoras,1.0,999.0,0.0,entregue,5.0
1295,2024-03-11,C002,ES,Headset 7.1,Periféricos,5.0,349.0,0.0,entregue,5.0
1877,15/11/2024,C007,SP,Impressora Laser,Impressoras,1.0,999.0,5.0,devolvido,1.0
1383,2024-08-08,C028,SP,Hub USB-C,Acessórios,1.0,129.0,5.0,entregue,5.0
1635,2024-02-09,C187,SP,Impressora Laser,Impressoras,1.0,999.0,5.0,entregue,5.0
1907,2024-03-12,C010,SP,Impressora Laser,Impressoras,2.0,999.0,5.0,entregue,2.0
1382,2024-10-15,C166,SC,"Monitor 24""",Monitores,1.0,899.0,10.0,em_transito,
1309,2024-04-22,C035,MG,Mouse Gamer,Periféricos,1.0,89.0,20.0,entregue,5.0
1527,2024-04-19,C057,RS,Pendrive 64GB,Armazenamento,2.0,49.9,0.0,entregue,1.0
1533,2024-05-21,C164,RJ,"Monitor 32"" 4K",Monitores,1.0,2499.0,10.0,em_transito,
1084,2024-08-03,C065,PE,Carregador USB-C 65W,Acessórios,1.0,149.0,10.0,entregue,5.0
1753,2024-10-08,C191,SP,"Monitor 24""",Monitores,5.0,899.0,5.0,entregue,5.0
1979,2024-11-23,C163,MG,Webcam 4K,Câmeras,2.0,499.0,15.0,entregue,4.0
1915,2024-12-13,C103,RJ,"Monitor 32"" 4K",Monitores,5.0,2499.0,5.0,entregue,5.0
1130,2024-09-17,C192,CE,Mousepad XL,Periféricos,3.0,59.9,0.0,cancelado,
1906,2024-07-18,C028,RS,"Monitor 32"" 4K",Monitores,1.0,2499.0,0.0,entregue,5.0
1865,2024-01-09,,PR,Headset 7.1,Periféricos,1.0,349.0,5.0,em_transito,
1539,2024-02-19,C121,SP,Pendrive 64GB,Armazenamento,1.0,49.9,10.0,cancelado,
1550,2024-06-08,C034,SP,"Monitor 27"" 144Hz",Monitores,1.0,1499.0,0.0,entregue,2.0
2120,2024-11-12,C059,SP,Mouse Gamer,Periféricos,1.0,89.0,0.0,entregue,4.0
1616,2024-10-02,C180,CE,Headset 7.1,Periféricos,2.0,349.0,5.0,cancelado,
1139,2024-06-17,C173,PE,HD Externo 2TB,armazenamento,1.0,349.0,0.0,entregue,5.0
1931,2024-04-01,C100,,Pendrive 64GB,Armazenamento,1.0,49.9,0.0,entregue,4.0
1142,2024-06-02,C008,SP,"Monitor 32"" 4K",Monitores,2.0,2499.0,0.0,entregue,3.0
1552,2024-06-24,C126,RJ,HD Externo 2TB,Armazenamento,1.0,349.0,15.0,devolvido,2.0
1945,2024-01-29,C132,DF,SSD 1TB,Armazenamento,2.0,289.0,15.0,entregue,4.0
1487,2024-07-01,,SC,HD Externo 2TB,Armazenamento,3.0,349.0,0.0,cancelado,
1140,2024-10-04,C010,RS,Toner HP,Impressoras,1.0,129.0,10.0,entregue,3.0
1364,2024-12-31,C019,SP,"Monitor 24""",Monitores,1.0,899.0,10.0,entregue,5.0
1844,2024-07-01,C080,RJ,Webcam HD,Câmeras,1.0,259.0,10.0,cancelado,
1225,2024-07-31,C014,RJ,HD Externo 2TB,Armazenamento,1.0,349.0,0.0,entregue,3.0
1736,2024-06-27,C083,PR,Hub USB-C,Acessórios,1.0,129.0,10.0,devolvido,2.0
1585,2024-04-07,C184,RJ,Mousepad XL,Periféricos,2.0,59.9,0.0,entregue,5.0
1391,2024-04-11,C116,RS,Cabo HDMI 2m,Acessórios,1.0,39.9,10.0,entregue,5.0
2031,2024-06-02,C111,SC,Cabo HDMI 2m,Acessórios,1.0,39.9,5.0,entregue,4.0
1368,2024-07-17,C200,SP,Teclado RGB,Periféricos,4.0,189.9,15.0,em_transito,
1576,2024-05-03,C085,ES,Webcam HD,Câmeras,1.0,259.0,0.0,entregue,4.0
1977,2024-07-14,C075,MG,Hub USB-C,Acessórios,1.0,129.0,10.0,cancelado,
2099,2024-08-20,C194,SC,HD Externo 2TB,Armazenamento,2.0,349.0,0.0,em_transito,
1758,2024-04-21,C188,SP,HD Externo 2TB,Armazenamento,1.0,349.0,5.0,entregue,5.0
2025,2024-05-16,C006,SC,Teclado RGB,Periféricos,1.0,189.9,20.0,entregue,4.0
1583,2024-12-25,C028,SP,"Monitor 24""",Monitores,1.0,899.0,0.0,entregue,5.0
1297,2024-02-15,,RS,Toner HP,Impressoras,1.0,129.0,10.0,em_transito,
1466,2024-04-23,C034,SP,Carregador USB-C 65W,Acessórios,1.0,149.0,10.0,em_transito,
1598,2024-07-02,C116,SP,"Monitor 24""",Monitores,3.0,899.0,10.0,devolvido,2.0
1549,2024-09-28,C049,SP,Teclado RGB,Periféricos,1.0,189.9,10.0,entregue,5.0
2068,2024-01-06,C121,SP,Webcam HD,Câmeras,1.0,259.0,10.0,entregue,5.0
1846,2024-12-23,C120,SP,Toner HP,Impressoras,1.0,129.0,5.0,cancelado,
1998,2024-06-29,C042,PE,SSD 1TB,Armazenamento,2.0,289.0,5.0,entregue,2.0
1040,2024-08-02,C169,RS,Toner HP,Impressoras,1.0,129.0,15.0,entregue,5.0
1031,2024-02-20,C016,RJ,"Monitor 32"" 4K",Monitores,1.0,2499.0,15.0,entregue,3.0
1243,2024-08-06,C043,SC,Webcam HD,Câmeras,1.0,259.0,0.0,devolvido,1.0
1711,2024-12-23,C139,SP,"Monitor 27"" 144Hz",Monitores,1.0,1499.0,5.0,entregue,4.0
1137,2024-02-21,C135,GO,"Monitor 27"" 144Hz",Monitores,1.0,1499.0,0.0,devolvido,4.0
1984,2024-07-03,C108,RS,Hub USB-C,Acessórios,4.0,129.0,0.0,entregue,5.0
1718,2024-11-09,C178,SC,Carregador USB-C 65W,Acessórios,1.0,149.0,10.0,cancelado,
1004,2024-10-28,C072,BA,SSD 1TB,Armazenamento,1.0,289.0,10.0,entregue,4.0
1729,2024-12-07,C056,ES,Webcam HD,Câmeras,1.0,259.0,5.0,entregue,5.0
1610,2024-11-28,C003,SP,SSD 1TB,Armazenamento,1.0,289.0,0.0,entregue,5.0
2038,2024-08-25,C125,MG,Suporte Notebook,Acessórios,1.0,89.9,5.0,entregue,3.0
1399,2024-07-02,C003,MG,Mousepad XL,Periféricos,1.0,59.9,,entregue,5.0
1847,2024-08-28,C060,DF,Teclado RGB,Periféricos,1.0,189.9,15.0,entregue,4.0
2183,2024-01-16,C172,RJ,Mouse Gamer,Periféricos,1.0,89.0,20.0,entregue,5.0
2023,2024-11-27,C080,RS,Carregador USB-C 65W,Acessórios,4.0,149.0,0.0,entregue,4.0
1938,2024-09-15,C009,RJ,HD Externo 2TB,Armazenamento,1.0,349.0,10.0,entregue,3.0
1381,2024-11-22,C022,SP,Impressora Laser,Impressoras,1.0,999.0,10.0,Entregue,5.0
1594,2024-02-29,C195,RJ,Headset 7.1,Periféricos,1.0,349.0,5.0,entregue,4.0
1006,2024-11-05,C068,BA,"Monitor 32"" 4K",Monitores,2.0,2499.0,5.0,em_transito,
1101,2024-06-18,C091,SC,Headset 7.1,Periféricos,1.0,349.0,0.0,entregue,3.0
1645,2024-09-21,C104,RJ,Mouse Gamer,Periféricos,3.0,89.0,5.0,entregue,5.0
1514,2024-02-21,C028,MG,Impressora Jato,Impressoras,1.0,599.0,0.0,entregue,4.0
1482,2024-09-26,C123,SP,Impressora Laser,Impressoras,4.0,999.0,0.0,entregue,5.0
1814,2024-12-20,C180,RS,Pendrive 64GB,Armazenamento,2.0,49.9,0.0,entregue,4.0
1757,2024-07-06,C150,SP,"Monitor 32"" 4K",Monitores,1.0,2499.0,0.0,entregue,4.0
2150,2024-12-21,C055,MG,Pendrive 64GB,Armazenamento,1.0,49.9,0.0,entregue,5.0
2061,2024-10-19,,SP,Webcam HD,Câmeras,1.0,259.0,5.0,entregue,3.0
1228,2024-01-10,C066,SP,Webcam 4K,Câmeras,-1.0,499.0,15.0,entregue,4.0
1345,2024-01-31,C135,SP,HD Externo 2TB,Armazenamento,3.0,349.0,15.0,entregue,5.0
1573,2024-12-24,C159,SP,HD Externo 2TB,Armazenamento,2.0,349.0,0.0,entregue,5.0
2070,2024-04-30,C121,GO,Headset 7.1,Periféricos,5.0,349.0,15.0,em_transito,
1542,2024-11-20,C150,RS,Webcam HD,Câmeras,2.0,259.0,5.0,entregue,3.0
1067,2024-04-30,C173,RJ,Webcam HD,Câmeras,3.0,259.0,0.0,entregue,5.0
1068,2024-11-08,C197,SP,Cabo HDMI 2m,Acessórios,1.0,39.9,5.0,entregue,5.0
1328,2024-05-20,C016,MG,Cabo HDMI 2m,Acessórios,1.0,39.9,10.0,entregue,5.0
1212,2024-12-23,C170,RJ,Teclado RGB,Periféricos,1.0,189.9,15.0,entregue,4.0
1013,2024-10-17,C184,RJ,Mouse Gamer,Periféricos,2.0,89.0,0.0,devolvido,2.0
1661,2024-05-11,C049,SP,"Monitor 32"" 4K",Monitores,2.0,2499.0,0.0,entregue,4.0
1839,2024-05-21,C137,RJ,"Monitor 24""",Monitores,1.0,899.0,0.0,entregue,4.0
1300,2024-06-01,C146,RS,Impressora Jato,Impressoras,4.0,599.0,0.0,entregue,5.0
1722,2024-01-08,C127,SP,Suporte Notebook,Acessórios,1.0,89.9,10.0,entregue,4.0
2006,2024-08-31,C174,RJ,HD Externo 2TB,Armazenamento,1.0,349.0,10.0,entregue,4.0
2079,2024-09-10,C011,RJ,Cabo HDMI 2m,Acessórios,5.0,39.9,5.0,entregue,3.0
1434,2024-05-14,C056,SP,Impressora Jato,Impressoras,1.0,599.0,10.0,entregue,5.0
1494,2024-07-12,C090,MG,"Monitor 32"" 4K",Monitores,1.0,2499.0,5.0,devolvido,2.0
2142,2024-01-03,C117,RJ,SSD 500GB,Armazenamento,1.0,189.0,10.0,entregue,5.0
1835,2024-03-14,C197,CE,Teclado RGB,Periféricos,3.0,189.9,15.0,entregue,3.0
1535,2024-11-03,C104,SC,Impressora Laser,Impressoras,2.0,999.0,10.0,entregue,5.0
1462,2024-02-16,C041,BA,Carregador USB-C 65W,Acessórios,1.0,149.0,10.0,entregue,3.0
2196,2024-05-07,C051,SP,"Monitor 24""",Monitores,1.0,8990.0,5.0,entregue,4.0
1574,2024-07-16,C039,PE,SSD 500GB,Armazenamento,1.0,189.0,20.0,entregue,5.0
1459,2024-12-24,C189,RJ,"Monitor 32"" 4K",Monitores,1.0,2499.0,0.0,em_transito,
1274,2024-05-27,C019,RJ,Impressora Laser,Impressoras,1.0,999.0,5.0,cancelado,
1694,2024-05-18,C061,MG,Impressora Laser,Impressoras,-1.0,999.0,0.0,cancelado,
1238,2024-07-22,C140,MG,SSD 1TB,Armazenamento,1.0,289.0,5.0,entregue,5.0
1463,2024-06-16,C038,SP,Pendrive 64GB,Armazenamento,1.0,49.9,0.0,entregue,5.0
1003,2024-09-15,C155,SP,Suporte Notebook,Acessórios,1.0,89.9,5.0,entregue,3.0
1007,2024-07-12,C021,MG,Impressora Laser,Impressoras,3.0,999.0,5.0,devolvido,2.0
1312,2024-10-07,C130,SP,Teclado RGB,Periféricos,1.0,189.9,0.0,devolvido,2.0
2033,2024-09-12,C055,SC,Impressora Laser,Impressoras,3.0,999.0,15.0,entregue,5.0
1363,2024-08-09,C048,SC,Impressora Laser,Impressoras,2.0,999.0,0.0,entregue,5.0
1763,2024-04-23,C040,SP,SSD 500GB,Armazenamento,2.0,189.0,0.0,entregue,5.0
1216,2024-10-03,C190,CE,Headset 7.1,Periféricos,1.0,349.0,0.0,cancelado,
2122,2024-12-08,C027,SC,"Monitor 32"" 4K",Monitores,4.0,2499.0,5.0,entregue,5.0
1028,2024-09-20,C061,SP,Headset 7.1,Periféricos,1.0,349.0,5.0,cancelado,
2162,2024-04-02,C005,SP,Mousepad XL,Periféricos,1.0,59.9,10.0,cancelado,
1377,2024-08-12,C075,PE,"Monitor 24""",Monitores,1.0,899.0,10.0,cancelado,
1935,2024-04-20,C152,MG,"Monitor 24""",Monitores,1.0,899.0,0.0,entregue,5.0
1788,2024-03-15,C187,SP,"Monitor 27"" 144Hz",Monitores,1.0,1499.0,20.0,em_transito,
1967,2024-09-02,C011,SP,Mousepad XL,Periféricos,1.0,59.9,0.0,entregue,5.0
1561,2024-06-18,C061,SP,Impressora Laser,Impressoras,2.0,999.0,15.0,cancelado,
1791,2024-11-11,C069,RS,Mousepad XL,Periféricos,2.0,59.9,5.0,entregue,1.0
1543,2024-12-14,C098,MG,Webcam 4K,Câmeras,1.0,499.0,15.0,entregue,5.0
1355,2024-01-22,C059,SP,Webcam HD,Câmeras,3.0,259.0,15.0,entregue,2.0
2054,2024-09-08,C121,PR,Mouse Gamer,Periféricos,4.0,89.0,0.0,entregue,5.0
1414,2024-02-17,C188,ES,Impressora Jato,Impressoras,2.0,599.0,10.0,devolvido,3.0
1257,2024-02-07,C116,MG,Mousepad XL,Periféricos,1.0,59.9,0.0,cancelado,
1292,2024-08-14,C168,SP,"Monitor 24""",Monitores,1.0,899.0,,entregue,5.0
1026,2024-08-19,C031,SP,HD Externo 2TB,armazenamento,1.0,349.0,0.0,entregue,5.0
1337,2024-09-02,C063,SC,Toner HP,Impressoras,2.0,129.0,0.0,entregue,4.0
1571,2024-07-29,C113,SP,Cabo HDMI 2m,Acessórios,1.0,39.9,0.0,entregue,5.0
1048,2024-05-21,C012,SP,Carregador USB-C 65W,Acessórios,2.0,149.0,5.0,entregue,5.0
1319,2024-12-15,C170,CE,Impressora Jato,Impressoras,1.0,599.0,15.0,entregue,5.0
1107,01/09/2024,C030,PE,"Monitor 24""",Monitores,1.0,899.0,0.0,entregue,2.0
2191,2024-01-12,C178,SC,SSD 500GB,Armazenamento,2.0,189.0,10.0,devolvido,1.0
1056,2024-04-26,C058,SP,Mousepad XL,Periféricos,1.0,59.9,0.0,devolvido,4.0
1530,2024-07-11,C090,MG,"Monitor 27"" 144Hz",Monitores,1.0,1499.0,0.0,entregue,5.0
1214,2024-11-26,C172,RJ,Impressora Jato,Impressoras,1.0,599.0,0.0,entregue,3.0
1121,2024-08-28,C090,RJ,"Monitor 32"" 4K",Monitores,1.0,2499.0,0.0,entregue,4.0
1823,13/10/2024,C164,SP,Carregador USB-C 65W,Acessórios,2.0,149.0,10.0,entregue,2.0
1421,2024-04-29,C110,SC,HD Externo 2TB,Armazenamento,2.0,349.0,,entregue,3.0
1528,2024-12-15,C003,MG,Mousepad XL,Periféricos,1.0,59.9,0.0,cancelado,
1073,2024-10-07,C115,GO,Webcam 4K,Câmeras,2.0,499.0,5.0,entregue,4.0
1669,2024-05-14,C057,RJ,Impressora Laser,Impressoras,2.0,999.0,10.0,em_transito,
1754,2024-05-25,C153,SP,SSD 500GB,Armazenamento,1.0,189.0,15.0,entregue,5.0
2084,2024-02-24,C083,SP,Teclado RGB,Periféricos,1.0,189.9,10.0,entregue,4.0
1431,2024-05-02,C127,RJ,Hub USB-C,Acessórios,-1.0,129.0,5.0,entregue,5.0
1902,2024-02-05,C139,SP,Impressora Laser,Impressoras,1.0,999.0,,cancelado,
1874,2024-08-28,C147,PR,Headset 7.1,Periféricos,1.0,349.0,20.0,cancelado,
1778,2024-02-20,C081,MG,SSD 500GB,Armazenamento,1.0,189.0,0.0,entregue,5.0
2121,2024-01-24,C198,CE,Pendrive 64GB,Armazenamento,1.0,49.9,0.0,entregue,4.0
1812,2024-01-29,C168,RJ,Webcam HD,Câmeras,1.0,259.0,0.0,entregue,5.0
1978,2024-06-04,C127,MG,Webcam HD,Câmeras,1.0,259.0,0.0,entregue,4.0
1326,2024-03-12,C129,PA,Webcam HD,Câmeras,1.0,259.0,15.0,entregue,4.0
1934,2024-11-09,C044,RS,Webcam HD,Câmeras,1.0,259.0,0.0,entregue,4.0
1317,2024-08-29,C009,SP,SSD 500GB,Armazenamento,1.0,189.0,0.0,entregue,5.0
1627,2024-05-09,C050,SP,SSD 500GB,Armazenamento,2.0,189.0,5.0,entregue,5.0
2046,2024-10-28,C015,MG,Teclado RGB,Periféricos,1.0,189.9,15.0,entregue,4.0
1536,2024-05-12,C108,RJ,"Monitor 32"" 4K",Monitores,2.0,2499.0,5.0,em_transito,
1820,2024-06-30,C034,RS,Toner HP,Impressoras,1.0,129.0,,entregue,5.0
1443,2024-05-19,C135,SP,Mousepad XL,Periféricos,2.0,59.9,5.0,entregue,4.0
1554,2024-07-06,C183,SC,Pendrive 64GB,Armazenamento,1.0,49.9,15.0,entregue,4.0
1061,2024-12-09,C051,RJ,Mousepad XL,Periféricos,1.0,59.9,,entregue,4.0
2048,2024-06-06,C006,RS,"Monitor 32"" 4K",Monitores,4.0,2499.0,0.0,cancelado,
1093,2024-12-28,C040,RJ,"Monitor 32"" 4K",Monitores,2.0,2499.0,20.0,entregue,5.0
1866,2024-02-13,C036,RS,Headset 7.1,Periféricos,1.0,349.0,5.0,cancelado,
2151,2024-03-01,C155,PE,Carregador USB-C 65W,Acessórios,1.0,149.0,0.0,entregue,4.0
1352,2024-06-02,C176,PE,Toner HP,Impressoras,1.0,129.0,20.0,entregue,2.0
1943,2024-11-17,C019,RJ,Mousepad XL,Periféricos,2.0,59.9,5.0,entregue,5.0
1281,2024-12-18,C162,SP,Cabo HDMI 2m,Acessórios,1.0,39.9,20.0,cancelado,
2003,2024-03-04,C120,SP,Mouse Gamer,Periféricos,1.0,89.0,10.0,entregue,4.0
1695,2024-03-17,C122,BA,Suporte Notebook,Acessórios,1.0,89.9,5.0,em_transito,
1360,2024-09-13,C191,ES,SSD 500GB,Armazenamento,1.0,189.0,5.0,cancelado,
1439,2024-08-20,C157,RS,Mouse Gamer,Periféricos,1.0,89.0,10.0,cancelado,
1555,2024-01-25,C153,PA,Suporte Notebook,Acessórios,2.0,89.9,10.0,entregue,5.0
1840,2024-01-08,C160,MG,SSD 500GB,Armazenamento,1.0,189.0,5.0,entregue,4.0
1534,2024-11-29,C077,SP,SSD 500GB,Armazenamento,1.0,189.0,0.0,entregue,5.0
1619,2024-11-18,C104,RJ,"Monitor 27"" 144Hz",Monitores,1.0,1499.0,10.0,entregue,5.0
1733,2024-03-05,C125,SP,Suporte Notebook,Acessórios,5.0,899.0,,cancelado,
1183,2024-06-28,C143,RJ,SSD 1TB,Armazenamento,2.0,289.0,5.0,cancelado,
1650,2024-03-16,C015,SP,HD Externo 2TB,Armazenamento,4.0,349.0,5.0,entregue,5.0
2141,2024-09-16,C091,SP,HD Externo 2TB,Armazenamento,2.0,349.0,15.0,entregue,4.0
1111,2024-11-16,C055,SP,Teclado RGB,Periféricos,1.0,189.9,0.0,entregue,3.0
1371,2024-05-06,C185,RS,Cabo HDMI 2m,Acessórios,1.0,39.9,0.0,entregue,4.0
1240,2024-07-16,C087,ES,Webcam HD,Câmeras,1.0,259.0,5.0,em_transito,
1716,2024-10-07,C096,SP,Hub USB-C,Acessórios,3.0,129.0,5.0,entregue,5.0
1637,2024-08-29,C168,BA,Pendrive 64GB,Armazenamento,1.0,49.9,0.0,cancelado,
2160,2024-10-13,C022,,Webcam HD,Câmeras,2.0,259.0,5.0,entregue,4.0
1589,2024-06-13,C130,CE,Toner HP,Impressoras,1.0,129.0,5.0,entregue,4.0
1813,2024-06-18,C023,SP,Impressora Laser,Impressoras,1.0,999.0,0.0,entregue,5.0
1262,2024-03-19,C044,SC,Webcam HD,Câmeras,2.0,259.0,5.0,Devolvido,2.0
1498,2024-03-25,C156,CE,SSD 1TB,Armazenamento,1.0,289.0,0.0,Entregue,3.0
1797,2024-10-19,C153,MG,"Monitor 24""",Monitores,2.0,899.0,10.0,entregue,3.0
1340,2024-06-09,C106,SP,Suporte Notebook,Acessórios,3.0,89.9,10.0,entregue,4.0
1723,2024-12-22,C009,RJ,Suporte Notebook,Acessórios,3.0,89.9,20.0,entregue,5.0
1559,2024-02-24,C128,SP,Mousepad XL,Periféricos,1.0,59.9,0.0,entregue,3.0
1630,2024-02-05,C050,RJ,Carregador USB-C 65W,Acessórios,1.0,149.0,5.0,entregue,5.0
1184,2024-10-14,C197,BA,Carregador USB-C 65W,Acessórios,2.0,149.0,5.0,entregue,5.0
1138,2024-02-08,C121,BA,HD Externo 2TB,Armazenamento,1.0,349.0,5.0,entregue,3.0
2165,2024-02-28,C026,MG,Webcam HD,Câmeras,1.0,259.0,0.0,cancelado,
1714,2024-03-10,C089,SP,Webcam 4K,Câmeras,1.0,499.0,10.0,entregue,5.0
1941,2024-08-23,C147,PR,Impressora Laser,Impressoras,1.0,999.0,5.0,cancelado,
1081,2024-08-27,C033,PA,Webcam HD,Câmeras,1.0,259.0,15.0,entregue,5.0
1507,2024-08-31,C147,CE,"Monitor 27"" 144Hz",Monitores,1.0,1499.0,0.0,devolvido,2.0
1833,2024-01-20,C200,SP,SSD 1TB,Armazenamento,1.0,289.0,5.0,cancelado,
1769,2024-12-01,C007,PR,Mousepad XL,Periféricos,1.0,59.9,0.0,cancelado,
1030,2024-08-08,C091,RJ,Impressora Laser,Impressoras,1.0,999.0,10.0,entregue,5.0
1454,2024-01-01,C195,SC,Headset 7.1,Periféricos,3.0,349.0,10.0,entregue,4.0
1166,2024-12-05,C055,RS,Mouse Gamer,Periféricos,1.0,89.0,0.0,cancelado,
1249,2024-04-05,C128,MG,Hub USB-C,Acessórios,4.0,129.0,0.0,cancelado,
1308,2024-12-26,C198,RJ,SSD 500GB,Armazenamento,1.0,189.0,15.0,entregue,5.0
1771,2024-02-13,C029,PR,Mouse Gamer,Periféricos,1.0,89.0,5.0,entregue,5.0
1465,2024-05-07,C025,MG,Webcam 4K,Câmeras,3.0,499.0,0.0,entregue,5.0
1347,2024-07-10,C016,RS,"Monitor 24""",Monitores,2.0,899.0,5.0,entregue,4.0
1335,2024-10-13,C056,MG,Impressora Laser,Impressoras,3.0,999.0,0.0,em_transito,
1286,2024-09-01,C135,RJ,Carregador USB-C 65W,Acessórios,4.0,149.0,5.0,entregue,4.0
1960,2024-04-03,C045,PE,Impressora Jato,Impressoras,2.0,599.0,10.0,entregue,4.0
1098,2024-02-13,C062,PR,Teclado RGB,Periféricos,1.0,189.9,10.0,entregue,5.0
1486,2024-09-06,C167,RJ,Headset 7.1,Periféricos,2.0,349.0,5.0,devolvido,2.0
2041,2024-07-27,C094,SC,Carregador USB-C 65W,Acessórios,3.0,149.0,0.0,cancelado,
1923,2024-02-18,C159,RJ,SSD 500GB,Armazenamento,2.0,189.0,5.0,entregue,5.0
1980,2024-12-18,C166,SP,SSD 1TB,Armazenamento,1.0,289.0,0.0,em_transito,
1939,2024-09-10,C062,SP,Pendrive 64GB,Armazenamento,2.0,49.9,10.0,entregue,3.0
1621,2024-02-24,C075,BA,"Monitor 24""",Monitores,1.0,899.0,0.0,cancelado,
1809,2024-05-09,C004,MG,Mouse Gamer,Periféricos,3.0,89.0,5.0,entregue,5.0
1765,2024-10-19,C191,SP,Webcam 4K,Câmeras,1.0,499.0,0.0,entregue,5.0
1696,18/11/2024,C133,MG,Cabo HDMI 2m,Acessórios,,39.9,5.0,entregue,5.0
1066,2024-03-27,C169,SP,Hub USB-C,Acessórios,1.0,129.0,5.0,entregue,5.0
1113,2024-08-20,,SC,Hub USB-C,Acessórios,4.0,129.0,10.0,entregue,5.0
1782,16/01/2024,C143,DF,Toner HP,Impressoras,1.0,129.0,0.0,entregue,3.0
1849,2024-02-03,C122,SP,Webcam 4K,Câmeras,1.0,499.0,10.0,entregue,4.0
2088,2024-07-23,C023,SP,Mousepad XL,Periféricos,1.0,59.9,0.0,entregue,5.0
2103,2024-07-03,C177,SC,"Monitor 27"" 144Hz",Monitores,2.0,1499.0,0.0,entregue,3.0
1303,2024-05-31,C146,SC,Webcam HD,Câmeras,1.0,259.0,5.0,entregue,4.0
1255,2024-10-09,C034,RS,Mousepad XL,Periféricos,1.0,59.9,0.0,em_transito,
1969,2024-05-22,C051,SP,Mousepad XL,Periféricos,1.0,59.9,5.0,entregue,3.0
1942,2024-12-26,C104,SP,Impressora Laser,Impressoras,3.0,999.0,5.0,entregue,1.0
1313,2024-12-14,C053,PR,Webcam 4K,Câmeras,1.0,499.0,15.0,entregue,2.0
1537,2024-04-07,C088,PR,Headset 7.1,Periféricos,,349.0,,cancelado,
1222,2024-03-11,C065,SP,Mouse Gamer,periféricos,1.0,89.0,0.0,em_transito,
1478,29/01/2024,C196,PA,Webcam 4K,Câmeras,1.0,499.0,10.0,cancelado,
1389,2024-05-04,C133,SP,"Monitor 24""",Monitores,1.0,899.0,5.0,em_transito,
1236,2024-08-25,C179,MG,Teclado RGB,Periféricos,1.0,189.9,,entregue,5.0
1817,2024-07-30,C135,SP,"Monitor 27"" 144Hz",Monitores,1.0,1499.0,0.0,entregue,5.0
1911,2024-02-06,C010,PR,Suporte Notebook,Acessórios,1.0,89.9,0.0,Devolvido,2.0
2156,2024-11-06,C034,PR,Impressora Laser,Impressoras,1.0,999.0,5.0,entregue,4.0
1306,2024-06-17,C078,RS,Suporte Notebook,Acessórios,1.0,89.9,0.0,entregue,4.0
2115,2024-05-30,C186,PR,Impressora Laser,Impressoras,4.0,999.0,10.0,entregue,5.0
1562,2024-12-08,C127,SP,Toner HP,Impressoras,1.0,129.0,5.0,cancelado,
2137,2024-06-03,C022,SP,Mouse Gamer,Periféricos,1.0,89.0,,cancelado,
1927,2024-10-02,C046,SP,"Monitor 27"" 144Hz",Monitores,1.0,1499.0,5.0,entregue,4.0
2143,2024-11-17,C171,MG,"Monitor 27"" 144Hz",Monitores,1.0,1499.0,0.0,entregue,5.0
1250,2024-12-26,C115,SP,Impressora Jato,Impressoras,2.0,599.0,10.0,em_transito,
2042,2024-03-12,C061,SP,Impressora Jato,Impressoras,2.0,599.0,15.0,entregue,5.0
1772,2024-05-27,C004,RJ,Suporte Notebook,Acessórios,3.0,89.9,0.0,entregue,4.0
1072,2024-10-31,C082,ES,Pendrive 64GB,Armazenamento,3.0,49.9,5.0,entregue,4.0
1095,2024-02-14,C072,CE,Webcam HD,Câmeras,1.0,259.0,5.0,entregue,4.0
1553,2024-04-26,C058,PR,Pendrive 64GB,Armazenamento,1.0,49.9,10.0,entregue,3.0
1034,2024-05-01,C043,RJ,Impressora Jato,Impressoras,1.0,599.0,15.0,devolvido,1.0
1870,2024-09-04,C181,RJ,SSD 1TB,Armazenamento,1.0,289.0,20.0,entregue,5.0
1842,26/01/2024,C034,SP,Mouse Gamer,Periféricos,4.0,89.0,0.0,entregue,3.0
1586,2024-03-04,C198,GO,Carregador USB-C 65W,Acessórios,1.0,149.0,5.0,entregue,5.0
1449,2024-04-24,C133,PA,SSD 500GB,Armazenamento,4.0,189.0,,entregue,4.0
1446,2024-05-05,C012,MG,SSD 1TB,Armazenamento,1.0,289.0,0.0,em_transito,
1260,2024-09-22,C073,PE,Cabo HDMI 2m,Acessórios,1.0,39.9,5.0,entregue,3.0
1205,2024-02-16,C158,RS,Toner HP,Impressoras,1.0,129.0,5.0,em_transito,
2015,2024-10-04,C088,BA,Carregador USB-C 65W,Acessórios,1.0,149.0,0.0,cancelado,
1831,2024-06-06,C181,PE,Mousepad XL,Periféricos,2.0,59.9,0.0,entregue,5.0
2119,2024-03-22,C045,PE,Webcam HD,Câmeras,3.0,259.0,0.0,entregue,4.0
1366,2024-03-08,C023,SP,HD Externo 2TB,Armazenamento,,349.0,5.0,entregue,1.0
1689,2024-10-03,C009,MG,Pendrive 64GB,Armazenamento,1.0,49.9,10.0,entregue,5.0
1078,2024-10-21,C098,MG,Webcam 4K,Câmeras,4.0,499.0,0.0,entregue,5.0
1085,2024-04-24,C167,SP,Webcam HD,Câmeras,4.0,259.0,0.0,entregue,4.0
1546,2024-08-19,C071,SP,Headset 7.1,Periféricos,2.0,349.0,5.0,entregue,5.0
1083,2024-08-20,C084,RJ,Impressora Laser,Impressoras,3.0,999.0,0.0,em_transito,
1458,2024-12-05,C034,SP,Carregador USB-C 65W,Acessórios,1.0,149.0,0.0,cancelado,
1744,2024-04-16,C168,MG,Hub USB-C,Acessórios,3.0,129.0,,cancelado,
1437,2024-10-01,C084,RJ,Webcam HD,Câmeras,2.0,259.0,,entregue,2.0
1674,2024-07-23,C091,,Suporte Notebook,Acessórios,1.0,89.9,0.0,entregue,5.0
1900,2024-01-20,C171,RJ,Impressora Laser,Impressoras,1.0,999.0,0.0,entregue,1.0
1405,2024-05-14,C090,CE,"Monitor 24""",Monitores,1.0,899.0,15.0,entregue,5.0
2049,2024-01-28,C177,GO,Headset 7.1,Periféricos,2.0,349.0,0.0,entregue,5.0
1615,2024-02-03,C054,SC,Webcam 4K,Câmeras,2.0,499.0,15.0,entregue,3.0
1766,2024-03-07,C196,SP,Pendrive 64GB,Armazenamento,1.0,49.9,5.0,entregue,3.0
1105,2024-10-10,C075,SC,Teclado RGB,Periféricos,1.0,189.9,15.0,entregue,5.0
1544,2024-06-24,C105,PA,"Monitor 32"" 4K",Monitores,3.0,2499.0,20.0,entregue,5.0
1721,2024-04-05,C027,SP,Webcam 4K,Câmeras,1.0,499.0,5.0,entregue,3.0
1063,2024-10-10,C033,SP,Cabo HDMI 2m,Acessórios,2.0,39.9,0.0,cancelado,
1282,2024-10-23,C148,SP,Impressora Laser,Impressoras,,999.0,5.0,Entregue,5.0
1799,2024-01-21,C143,RJ,"Monitor 27"" 144Hz",Monitores,2.0,1499.0,20.0,entregue,4.0
1239,2024-01-25,C168,RJ,Carregador USB-C 65W,Acessórios,1.0,149.0,0.0,devolvido,2.0
1224,2024-03-16,C112,SP,Cabo HDMI 2m,Acessórios,4.0,39.9,10.0,devolvido,4.0
1146,2024-08-14,C089,PA,Pendrive 64GB,Armazenamento,1.0,49.9,20.0,entregue,4.0
2123,2024-02-26,C028,BA,Webcam 4K,Câmeras,2.0,499.0,15.0,entregue,4.0
1374,2024-07-22,C082,SP,Teclado RGB,Periféricos,2.0,189.9,5.0,entregue,4.0
1119,2024-12-10,C069,RS,Pendrive 64GB,Armazenamento,2.0,49.9,0.0,entregue,4.0
1810,2024-05-01,C056,RS,Suporte Notebook,Acessórios,1.0,89.9,5.0,entregue,5.0
1251,2024-04-12,C032,SP,Mouse Gamer,Periféricos,1.0,89.0,0.0,entregue,5.0
2161,2024-04-06,C193,MG,SSD 1TB,Armazenamento,3.0,289.0,0.0,em_transito,
1010,2024-05-16,C180,DF,Mousepad XL,Periféricos,2.0,59.9,5.0,entregue,5.0
1450,2024-06-08,C084,,"Monitor 24""",Monitores,1.0,899.0,0.0,entregue,5.0
1937,2024-10-20,C002,RJ,Mousepad XL,Periféricos,1.0,59.9,20.0,cancelado,
1390,2024-04-28,C104,RS,HD Externo 2TB,Armazenamento,1.0,349.0,10.0,entregue,5.0
1632,2024-04-23,C183,PR,Webcam 4K,Câmeras,1.0,499.0,10.0,entregue,5.0
1461,2024-03-02,C138,RJ,HD Externo 2TB,Armazenamento,2.0,349.0,5.0,entregue,5.0
2109,2024-12-31,C111,ES,HD Externo 2TB,Armazenamento,3.0,3490.0,10.0,entregue,4.0
1145,2024-05-10,C171,SP,Toner HP,Impressoras,3.0,129.0,15.0,entregue,3.0
1502,2024-02-11,C122,PE,HD Externo 2TB,Armazenamento,1.0,349.0,0.0,entregue,5.0
2112,2024-11-27,C107,CE,Hub USB-C,Acessórios,1.0,129.0,5.0,entregue,4.0
1540,2024-04-03,C175,GO,Impressora Jato,Impressoras,2.0,599.0,0.0,entregue,5.0
1178,2024-08-20,C103,RJ,Impressora Laser,Impressoras,1.0,999.0,5.0,entregue,4.0
2163,2024-10-23,C114,SP,Carregador USB-C 65W,Acessórios,1.0,149.0,0.0,entregue,4.0
1959,2024-03-16,C091,SP,Webcam HD,Câmeras,4.0,259.0,5.0,entregue,4.0
1591,2024-09-19,C077,PE,Cabo HDMI 2m,Acessórios,1.0,39.9,0.0,cancelado,
2200,2024-01-18,C097,RJ,"Monitor 27"" 144Hz",Monitores,3.0,1499.0,,entregue,5.0
1008,2024-12-26,C018,,SSD 1TB,Armazenamento,1.0,289.0,0.0,entregue,4.0
1928,2024-08-15,C152,RS,Pendrive 64GB,Armazenamento,1.0,49.9,10.0,devolvido,1.0
1851,2024-02-06,C078,MG,Webcam 4K,Câmeras,1.0,499.0,5.0,entregue,4.0
1358,2024-02-09,C077,SP,Pendrive 64GB,Armazenamento,1.0,49.9,10.0,entregue,5.0
1330,2024-12-22,C107,RJ,HD Externo 2TB,Armazenamento,1.0,349.0,0.0,entregue,4.0
1712,2024-09-25,C164,RS,Teclado RGB,Periféricos,1.0,189.9,0.0,entregue,5.0
1838,2024-06-08,C006,RS,SSD 500GB,Armazenamento,1.0,189.0,15.0,entregue,3.0
1259,2024-03-04,C133,SP,Hub USB-C,acessórios,1.0,129.0,0.0,entregue,4.0
1901,2024-12-28,C198,MG,"Monitor 32"" 4K",Monitores,1.0,2499.0,10.0,cancelado,
1972,2024-06-25,C090,RJ,Webcam HD,Câmeras,1.0,259.0,5.0,entregue,5.0
1737,2024-02-05,C136,SP,Mouse Gamer,Periféricos,1.0,89.0,0.0,entregue,1.0
1837,2024-10-31,C023,RJ,Impressora Jato,Impressoras,3.0,599.0,0.0,cancelado,
1526,2024-05-12,C192,PE,"Monitor 32"" 4K",Monitores,1.0,2499.0,0.0,entregue,5.0
1821,2024-11-08,C060,SC,Teclado RGB,Periféricos,5.0,189.9,0.0,entregue,5.0
1666,2024-12-03,C031,PR,Mouse Gamer,Periféricos,1.0,89.0,10.0,entregue,3.0
1869,2024-12-30,C129,SP,Webcam HD,Câmeras,4.0,259.0,5.0,entregue,2.0
2145,2024-04-08,C200,RJ,Mouse Gamer,Periféricos,1.0,89.0,10.0,cancelado,
1441,2024-09-24,C133,BA,Webcam 4K,Câmeras,2.0,499.0,0.0,entregue,5.0
1532,2024-10-14,C166,RS,HD Externo 2TB,Armazenamento,1.0,349.0,10.0,entregue,4.0
1970,2024-09-19,C101,SP,"Monitor 24""",Monitores,1.0,899.0,5.0,em_transito,
1229,2024-05-27,C061,RJ,Webcam 4K,Câmeras,1.0,499.0,5.0,cancelado,
1906,2024-07-18,C028,RS,"Monitor 32"" 4K",Monitores,1.0,2499.0,0.0,entregue,5.0
1213,2024-06-17,C033,SC,SSD 1TB,Armazenamento,3.0,289.0,10.0,entregue,4.0
1080,2024-08-11,C125,SP,HD Externo 2TB,Armazenamento,1.0,349.0,10.0,entregue,3.0
1149,2024-12-17,C200,PR,"Monitor 32"" 4K",Monitores,1.0,2499.0,5.0,entregue,5.0
1599,2024-10-14,C100,SP,Suporte Notebook,Acessórios,2.0,89.9,10.0,entregue,5.0
1715,2024-06-02,C003,PR,HD Externo 2TB,Armazenamento,2.0,349.0,5.0,cancelado,
1597,2024-12-15,,SP,Impressora Laser,Impressoras,1.0,999.0,10.0,entregue,4.0
1134,2024-10-19,C099,SP,Mouse Gamer,Periféricos,2.0,89.0,0.0,cancelado,
1789,2024-06-04,C114,PR,"Monitor 27"" 144Hz",Monitores,3.0,1499.0,5.0,cancelado,
1409,2024-09-20,C174,BA,Cabo HDMI 2m,Acessórios,1.0,39.9,10.0,entregue,2.0
1680,2024-10-27,C008,MG,SSD 500GB,Armazenamento,1.0,189.0,0.0,cancelado,
1508,2024-09-14,C147,GO,"Monitor 32"" 4K",Monitores,3.0,2499.0,10.0,entregue,3.0
1886,2024-12-15,C011,SP,Webcam HD,Câmeras,1.0,259.0,0.0,devolvido,2.0
1505,2024-12-07,C025,SP,HD Externo 2TB,Armazenamento,1.0,349.0,5.0,em_transito,
1819,2024-05-27,C110,RS,Impressora Laser,Impressoras,1.0,999.0,5.0,em_transito,
1348,2024-01-04,C137,MG,"Monitor 32"" 4K",Monitores,1.0,2499.0,5.0,entregue,5.0
1387,2024-08-12,C185,SC,Hub USB-C,Acessórios,1.0,129.0,0.0,cancelado,
1001,2024-11-23,C029,SP,"Monitor 32"" 4K",Monitores,1.0,2499.0,0.0,cancelado,
1361,2024-06-23,C155,PR,Impressora Laser,Impressoras,,999.0,0.0,cancelado,
2138,2024-03-05,C134,PA,Carregador USB-C 65W,Acessórios,1.0,149.0,0.0,entregue,4.0
1476,2024-05-23,C015,BA,Impressora Laser,Impressoras,1.0,999.0,0.0,entregue,4.0
1863,2024-08-10,C140,SP,Mouse Gamer,periféricos,1.0,89.0,0.0,entregue,5.0
1761,2024-03-02,C198,SP,Toner HP,Impressoras,2.0,129.0,5.0,entregue,5.0
1173,2024-08-22,C165,ES,Mouse Gamer,Periféricos,1.0,89.0,5.0,entregue,5.0
1451,2024-11-14,C063,MG,Webcam 4K,Câmeras,1.0,499.0,5.0,cancelado,
1126,2024-12-23,C125,SP,"Monitor 32"" 4K",Monitores,5.0,2499.0,5.0,entregue,3.0
2169,2024-05-01,C127,MG,"Monitor 24""",Monitores,1.0,899.0,15.0,entregue,4.0
1531,2024-10-26,C027,SP,Impressora Laser,Impressoras,5.0,999.0,20.0,cancelado,
1091,2024-01-22,C089,MG,"Monitor 32"" 4K",Monitores,2.0,2499.0,0.0,Entregue,1.0
2166,2024-03-19,C079,ES,Headset 7.1,Periféricos,2.0,349.0,0.0,em_transito,
1182,2024-06-08,C091,SP,Mousepad XL,Periféricos,1.0,59.9,0.0,entregue,5.0
1667,2024-07-24,C087,BA,Impressora Jato,Impressoras,2.0,599.0,10.0,entregue,4.0
2011,2024-09-18,C072,SP,Teclado RGB,Periféricos,1.0,189.9,0.0,entregue,4.0
1252,2024-12-15,C082,SC,Headset 7.1,Periféricos,2.0,349.0,5.0,entregue,4.0
1070,2024-02-24,C200,RJ,Impressora Jato,Impressoras,1.0,599.0,20.0,entregue,2.0
1132,2024-10-27,C149,PA,"Monitor 32"" 4K",Monitores,1.0,2499.0,0.0,entregue,4.0
1301,2024-09-25,C127,CE,SSD 500GB,Armazenamento,1.0,189.0,5.0,entregue,5.0
1677,2024-07-27,C130,SP,Carregador USB-C 65W,Acessórios,1.0,149.0,0.0,em_transito,
1327,2024-12-10,C083,SP,Hub USB-C,Acessórios,3.0,129.0,20.0,entregue,4.0
2179,2024-12-15,C088,RS,Pendrive 64GB,Armazenamento,5.0,49.9,10.0,entregue,5.0
1500,2024-01-26,C101,RS,Impressora Jato,Impressoras,3.0,599.0,0.0,entregue,4.0
1981,2024-02-04,C154,PR,Teclado RGB,Periféricos,1.0,189.9,5.0,devolvido,2.0
2024,2024-01-11,C138,RJ,"Monitor 32"" 4K",Monitores,1.0,2499.0,15.0,entregue,5.0
1496,2024-02-23,C019,RJ,"Monitor 24""",Monitores,3.0,899.0,0.0,entregue,5.0
1339,2024-08-26,C026,BA,"Monitor 27"" 144Hz",Monitores,2.0,1499.0,10.0,entregue,3.0
1974,2024-03-12,C151,RS,Carregador USB-C 65W,Acessórios,1.0,149.0,0.0,em_transito,
1165,2024-07-02,C016,RJ,"Monitor 32"" 4K",Monitores,1.0,2499.0,0.0,devolvido,2.0
1029,2024-10-19,C148,MG,"Monitor 24""",Monitores,2.0,899.0,10.0,entregue,3.0
1517,2024-05-01,C013,PR,"Monitor 24""",Monitores,4.0,899.0,15.0,entregue,5.0
1194,2024-06-30,C019,RJ,Webcam 4K,Câmeras,2.0,499.0,5.0,entregue,2.0
2090,2024-06-07,C176,RS,Mouse Gamer,Periféricos,1.0,89.0,0.0,entregue,3.0
1170,2024-05-01,C151,RJ,Carregador USB-C 65W,Acessórios,1.0,149.0,0.0,cancelado,
1717,2024-11-26,C100,PE,Mouse Gamer,Periféricos,1.0,89.0,0.0,entregue,4.0
1174,2024-09-08,C183,GO,Mouse Gamer,Periféricos,1.0,89.0,0.0,entregue,2.0
1519,2024-03-09,C077,ES,Impressora Laser,Impressoras,1.0,999.0,10.0,entregue,4.0
2107,2024-03-19,C190,SC,Headset 7.1,Periféricos,5.0,349.0,5.0,devolvido,2.0
1709,2024-11-16,C033,SP,Impressora Jato,Impressoras,3.0,599.0,0.0,entregue,5.0
1492,2024-08-16,C003,SP,Pendrive 64GB,Armazenamento,1.0,49.9,0.0,entregue,3.0
1074,2024-11-22,C071,PR,Suporte Notebook,Acessórios,1.0,89.9,5.0,entregue,2.0
1992,2024-06-24,C045,SC,Webcam 4K,Câmeras,1.0,499.0,10.0,entregue,5.0
1588,2024-03-31,C178,RS,Teclado RGB,Periféricos,2.0,189.9,0.0,entregue,5.0
1235,2024-06-19,C035,SP,Toner HP,Impressoras,1.0,129.0,10.0,entregue,5.0
1215,2024-09-05,C050,,SSD 500GB,Armazenamento,1.0,189.0,0.0,devolvido,1.0
1957,2024-09-05,C152,SC,HD Externo 2TB,Armazenamento,1.0,349.0,5.0,entregue,4.0
1133,2024-10-09,C196,MG,Impressora Laser,Impressoras,1.0,999.0,0.0,entregue,5.0
1784,2024-03-19,C110,ES,Pendrive 64GB,Armazenamento,4.0,49.9,0.0,entregue,3.0
1740,2024-09-11,C197,MG,Impressora Laser,Impressoras,2.0,999.0,0.0,entregue,3.0
1951,10/12/2024,C178,BA,"Monitor 27"" 144Hz",Monitores,4.0,1499.0,0.0,devolvido,2.0
1186,2024-06-28,C002,SP,"Monitor 24""",Monitores,1.0,899.0,10.0,entregue,5.0
1042,2024-02-07,C003,MG,"Monitor 32"" 4K",Monitores,5.0,2499.0,20.0,entregue,3.0
1109,2024-11-01,C159,SP,Hub USB-C,Acessórios,1.0,129.0,5.0,entregue,5.0
2182,2024-12-26,C126,PR,Webcam 4K,Câmeras,1.0,499.0,10.0,entregue,2.0
1569,2024-10-29,C124,BA,Teclado RGB,Periféricos,2.0,189.9,0.0,entregue,4.0
1658,2024-07-08,C012,SC,Mouse Gamer,Periféricos,1.0,89.0,15.0,entregue,5.0
2012,2024-03-09,C008,SP,Carregador USB-C 65W,Acessórios,1.0,149.0,0.0,entregue,5.0
2159,2024-12-28,C007,RS,SSD 1TB,Armazenamento,2.0,289.0,10.0,entregue,3.0
1484,2024-09-26,C094,ES,Cabo HDMI 2m,Acessórios,1.0,39.9,15.0,entregue,3.0
1469,2024-06-18,C032,SP,Cabo HDMI 2m,Acessórios,1.0,39.9,0.0,entregue,5.0
1025,2024-12-19,C052,PR,Impressora Laser,Impressoras,1.0,999.0,10.0,entregue,5.0
1668,2024-11-21,C002,BA,Suporte Notebook,Acessórios,3.0,89.9,5.0,entregue,3.0
2174,2024-08-19,C011,SP,Impressora Laser,impressoras,1.0,999.0,10.0,entregue,5.0
1760,2024-07-14,C021,BA,Pendrive 64GB,Armazenamento,4.0,49.9,0.0,devolvido,2.0
2005,2024-08-15,C058,MG,SSD 1TB,Armazenamento,1.0,289.0,15.0,entregue,2.0
1367,2024-06-30,C142,SP,Teclado RGB,Periféricos,1.0,189.9,0.0,entregue,4.0
1848,2024-04-03,C180,GO,"Monitor 24""",Monitores,1.0,899.0,15.0,entregue,4.0
2106,2024-04-07,C023,RJ,HD Externo 2TB,Armazenamento,1.0,349.0,5.0,entregue,3.0
1384,2024-10-21,C057,RJ,"Monitor 24""",Monitores,1.0,899.0,10.0,entregue,4.0
1455,2024-05-01,C108,MG,Cabo HDMI 2m,Acessórios,1.0,39.9,20.0,entregue,3.0
1265,2024-09-04,C063,BA,Carregador USB-C 65W,Acessórios,2.0,149.0,0.0,entregue,2.0
1768,2024-10-21,C023,SP,Suporte Notebook,Acessórios,1.0,89.9,0.0,entregue,4.0
1991,2024-09-02,C090,RJ,Webcam 4K,Câmeras,1.0,499.0,10.0,devolvido,2.0
1445,2024-10-20,C173,PR,Pendrive 64GB,Armazenamento,1.0,49.9,5.0,entregue,5.0
1396,2024-02-29,C047,RJ,"Monitor 24""",Monitores,1.0,899.0,0.0,entregue,4.0
2078,2024-04-27,C047,SP,Hub USB-C,Acessórios,1.0,129.0,10.0,entregue,5.0
1177,2024-11-29,C197,MG,Teclado RGB,Periféricos,3.0,189.9,5.0,devolvido,2.0
1019,2024-05-14,C129,PR,HD Externo 2TB,Armazenamento,1.0,349.0,0.0,entregue,5.0
1713,2024-08-14,C079,RJ,"Monitor 24""",Monitores,1.0,899.0,0.0,entregue,5.0
2173,2024-07-10,C139,PA,Toner HP,Impressoras,2.0,129.0,5.0,entregue,5.0
1596,2024-01-28,C172,SP,Impressora Jato,Impressoras,1.0,599.0,,em_transito,
1062,2024-03-04,C185,GO,Hub USB-C,Acessórios,1.0,129.0,,entregue,5.0
1273,2024-07-06,C196,RJ,Pendrive 64GB,Armazenamento,1.0,49.9,0.0,entregue,4.0
2147,2024-09-26,C104,RS,Pendrive 64GB,Armazenamento,1.0,49.9,0.0,entregue,4.0
1279,2024-09-16,C131,MG,Teclado RGB,Periféricos,2.0,189.9,0.0,cancelado,
1850,2024-10-21,C033,MG,Carregador USB-C 65W,Acessórios,1.0,149.0,10.0,entregue,4.0
1369,2024-10-19,C134,SP,Suporte Notebook,Acessórios,1.0,89.9,0.0,entregue,4.0
2071,2024-11-02,C182,PR,Hub USB-C,Acessórios,1.0,129.0,0.0,entregue,4.0
1827,2024-10-01,C086,MG,Hub USB-C,Acessórios,3.0,129.0,15.0,entregue,4.0
1868,2024-07-15,C091,SP,Webcam HD,Câmeras,1.0,259.0,0.0,entregue,5.0
1728,2024-10-08,C134,SP,Teclado RGB,periféricos,1.0,189.9,0.0,entregue,2.0
1781,2024-09-13,C071,BA,"Monitor 27"" 144Hz",Monitores,2.0,1499.0,15.0,devolvido,3.0
1548,2024-07-15,C002,SP,Carregador USB-C 65W,Acessórios,1.0,149.0,0.0,entregue,4.0
1889,2024-04-02,C081,MG,"Monitor 27"" 144Hz",Monitores,2.0,1499.0,10.0,entregue,3.0
1910,2024-12-07,C134,MG,Toner HP,Impressoras,2.0,129.0,15.0,entregue,4.0
1457,2024-10-24,C025,,Impressora Jato,Impressoras,2.0,599.0,0.0,entregue,2.0
1394,2024-10-27,C030,RJ,Mousepad XL,Periféricos,3.0,59.9,5.0,cancelado,
1676,2024-05-21,C058,RS,Impressora Laser,Impressoras,1.0,999.0,15.0,entregue,4.0
1922,2024-06-03,C090,RJ,Mouse Gamer,Periféricos,1.0,89.0,0.0,em_transito,
1975,2024-09-25,,SP,Webcam 4K,Câmeras,5.0,499.0,10.0,entregue,4.0
1376,2024-10-06,C047,SC,"Monitor 32"" 4K",Monitores,1.0,2499.0,20.0,entregue,5.0
1413,2024-07-07,,ES,HD Externo 2TB,Armazenamento,1.0,349.0,0.0,cancelado,
1075,2024-05-26,C061,SP,Pendrive 64GB,Armazenamento,1.0,49.9,5.0,entregue,4.0
2126,2024-03-11,C032,PE,Mousepad XL,Periféricos,1.0,59.9,5.0,cancelado,
2091,2024-08-16,C100,MG,Teclado RGB,Periféricos,1.0,189.9,5.0,cancelado,
1501,2024-05-30,C170,RS,Suporte Notebook,Acessórios,1.0,89.9,0.0,entregue,5.0
1808,2024-08-16,C074,RS,Impressora Laser,Impressoras,1.0,999.0,0.0,entregue,5.0
1617,2024-02-06,C192,SC,Teclado RGB,Periféricos,1.0,189.9,10.0,entregue,2.0
1115,31/01/2024,C043,BA,Webcam 4K,Câmeras,1.0,499.0,10.0,em_transito,
1418,2024-03-21,C113,MG,Impressora Laser,Impressoras,5.0,999.0,5.0,em_transito,
1602,2024-04-25,C163,SC,Impressora Jato,Impressoras,2.0,599.0,10.0,entregue,5.0
1605,2024-05-10,C002,RJ,Teclado RGB,Periféricos,2.0,189.9,0.0,entregue,4.0
1090,2024-02-22,C179,BA,SSD 500GB,Armazenamento,3.0,189.0,,entregue,5.0
2153,2024-10-28,C108,SP,Mouse Gamer,Periféricos,3.0,89.0,15.0,entregue,5.0
1499,2024-12-22,C142,PR,SSD 1TB,Armazenamento,2.0,289.0,0.0,entregue,4.0
1885,2024-01-07,C074,DF,"Monitor 32"" 4K",Monitores,1.0,2499.0,10.0,em_transito,
2158,2024-10-03,C012,ES,Impressora Laser,Impressoras,3.0,999.0,10.0,entregue,5.0
1890,2024-02-23,C176,RJ,Teclado RGB,Periféricos,1.0,189.9,0.0,entregue,1.0
1012,2024-01-29,C059,PE,Headset 7.1,Periféricos,3.0,349.0,5.0,entregue,5.0
1397,2024-08-04,C048,MG,SSD 500GB,armazenamento,1.0,189.0,15.0,em_transito,
1762,2024-07-14,C014,RJ,Mousepad XL,Periféricos,1.0,59.9,5.0,entregue,4.0
1556,2024-08-01,C114,RJ,Cabo HDMI 2m,Acessórios,1.0,39.9,5.0,entregue,5.0
1043,2024-05-15,C034,DF,HD Externo 2TB,Armazenamento,,349.0,15.0,entregue,3.0
1168,2024-04-29,C085,BA,Carregador USB-C 65W,Acessórios,2.0,149.0,5.0,entregue,5.0
1417,2024-01-24,C026,RS,Teclado RGB,Periféricos,3.0,189.9,0.0,em_transito,
1577,2024-04-30,C021,MG,"Monitor 27"" 144Hz",Monitores,3.0,1499.0,5.0,devolvido,2.0
1268,2024-05-16,C116,SP,HD Externo 2TB,Armazenamento,1.0,349.0,0.0,entregue,5.0
1815,2024-01-19,C024,PR,HD Externo 2TB,Armazenamento,1.0,349.0,15.0,cancelado,
1427,2024-04-21,C023,GO,SSD 1TB,Armazenamento,1.0,289.0,0.0,cancelado,
1691,2024-06-15,C093,RS,SSD 1TB,Armazenamento,1.0,289.0,5.0,entregue,4.0
1545,2024-04-02,C200,SP,Teclado RGB,Periféricos,1.0,189.9,20.0,entregue,2.0
1135,2024-12-27,C098,RJ,SSD 500GB,Armazenamento,2.0,189.0,10.0,em_transito,
1675,2024-02-16,C141,SP,SSD 500GB,Armazenamento,3.0,189.0,15.0,entregue,5.0
1690,2024-12-23,C133,MG,SSD 1TB,Armazenamento,2.0,289.0,0.0,entregue,5.0
2059,2024-07-29,C082,MG,Teclado RGB,Periféricos,3.0,189.9,0.0,entregue,5.0
2181,2024-01-02,C156,MG,Mouse Gamer,Periféricos,4.0,89.0,10.0,entregue,5.0
1993,2024-03-13,C177,SP,SSD 500GB,Armazenamento,1.0,189.0,0.0,entregue,5.0
1893,2024-11-27,C145,BA,Carregador USB-C 65W,Acessórios,1.0,149.0,0.0,Entregue,4.0
1258,2024-10-09,C164,RS,Teclado RGB,Periféricos,2.0,189.9,0.0,entregue,5.0
1336,2024-01-08,C055,DF,Carregador USB-C 65W,Acessórios,5.0,149.0,0.0,em_transito,
1016,2024-02-26,C040,RS,Mouse Gamer,Periféricos,2.0,89.0,5.0,entregue,4.0
1912,2024-05-04,C180,RS,Suporte Notebook,Acessórios,1.0,89.9,5.0,devolvido,3.0
1325,2024-01-23,C103,RJ,Teclado RGB,Periféricos,1.0,189.9,10.0,cancelado,
1608,2024-09-15,C041,RJ,Suporte Notebook,Acessórios,1.0,89.9,0.0,entregue,3.0
2058,2024-05-07,C133,PR,Webcam HD,Câmeras,2.0,259.0,5.0,entregue,5.0
1921,2024-03-30,C157,SC,Mousepad XL,Periféricos,1.0,59.9,10.0,entregue,3.0
1223,2024-12-30,C133,PE,Teclado RGB,Periféricos,1.0,189.9,10.0,entregue,5.0
1180,2024-07-09,C034,MG,HD Externo 2TB,Armazenamento,1.0,349.0,5.0,entregue,3.0
1100,2024-10-24,C095,MG,"Monitor 24""",Monitores,1.0,899.0,5.0,cancelado,
1522,2024-03-10,C200,PE,Pendrive 64GB,Armazenamento,3.0,49.9,0.0,entregue,5.0
1023,2024-02-05,C195,MG,Suporte Notebook,Acessórios,1.0,89.9,10.0,em_transito,
1357,2024-06-10,C005,ES,Cabo HDMI 2m,Acessórios,,39.9,,entregue,4.0
1734,2024-08-12,C188,SP,Suporte Notebook,Acessórios,2.0,89.9,0.0,entregue,5.0
1971,2024-12-07,C093,RJ,"Monitor 24""",Monitores,2.0,899.0,5.0,entregue,1.0
2116,2024-08-29,C042,RS,Carregador USB-C 65W,Acessórios,1.0,149.0,10.0,entregue,3.0
1612,2024-07-16,C066,MG,Pendrive 64GB,Armazenamento,1.0,49.9,15.0,cancelado,
2082,2024-01-03,C135,PR,SSD 500GB,Armazenamento,1.0,189.0,15.0,entregue,4.0
1341,2024-10-26,C149,PR,SSD 1TB,Armazenamento,1.0,289.0,0.0,entregue,4.0
1432,2024-01-07,C093,DF,Mouse Gamer,Periféricos,1.0,89.0,15.0,entregue,4.0
1790,2024-03-18,C200,SP,Cabo HDMI 2m,Acessórios,1.0,39.9,0.0,em_transito,
1218,2024-03-25,C185,RJ,Cabo HDMI 2m,Acessórios,1.0,39.9,10.0,entregue,4.0
1204,2024-06-07,C119,MG,"Monitor 32"" 4K",Monitores,1.0,2499.0,10.0,entregue,5.0
1948,2024-10-24,C180,SP,SSD 1TB,Armazenamento,2.0,289.0,0.0,entregue,4.0
1933,2024-08-02,C044,PR,Suporte Notebook,Acessórios,1.0,89.9,0.0,entregue,5.0
1094,2024-10-02,C199,MG,Webcam 4K,Câmeras,1.0,499.0,10.0,entregue,5.0
2102,2024-12-02,C191,RS,"Monitor 24""",Monitores,1.0,899.0,5.0,em_transito,
1069,2024-09-10,C103,SP,Pendrive 64GB,Armazenamento,2.0,49.9,0.0,cancelado,
1905,2024-05-28,C166,SP,Headset 7.1,Periféricos,1.0,349.0,20.0,entregue,4.0
1285,2024-08-29,C189,PR,Carregador USB-C 65W,Acessórios,2.0,149.0,5.0,entregue,5.0
1697,2024-01-25,C102,SP,SSD 1TB,Armazenamento,1.0,289.0,0.0,entregue,5.0
1086,2024-01-11,C160,SP,Headset 7.1,Periféricos,1.0,349.0,10.0,entregue,3.0
1435,2024-09-13,C197,RJ,Headset 7.1,Periféricos,2.0,349.0,0.0,entregue,5.0
1804,2024-03-24,C184,PR,Suporte Notebook,Acessórios,1.0,89.9,10.0,entregue,3.0
1154,2024-07-06,C136,MG,Teclado RGB,Periféricos,1.0,189.9,0.0,devolvido,4.0
1076,2024-12-21,C040,SC,Teclado RGB,Periféricos,1.0,189.9,5.0,entregue,4.0
2047,2024-12-15,C064,ES,Webcam HD,Câmeras,3.0,259.0,15.0,entregue,5.0
1581,2024-11-13,C154,MG,Webcam HD,Câmeras,2.0,259.0,10.0,entregue,5.0
1447,2024-01-19,C142,BA,Mousepad XL,Periféricos,2.0,59.9,10.0,entregue,4.0
1704,2024-08-15,C200,CE,Headset 7.1,Periféricos,1.0,349.0,5.0,em_transito,
1189,2024-01-26,C173,SP,"Monitor 27"" 144Hz",Monitores,1.0,1499.0,5.0,entregue,4.0
1272,2024-11-30,C173,MG,"Monitor 27"" 144Hz",Monitores,1.0,1499.0,10.0,entregue,5.0
1237,2024-01-19,C076,SP,Toner HP,Impressoras,2.0,129.0,15.0,entregue,4.0
1488,2024-05-30,C033,SP,Toner HP,Impressoras,1.0,129.0,10.0,entregue,5.0
2164,2024-01-12,C088,RJ,"Monitor 32"" 4K",Monitores,1.0,2499.0,15.0,entregue,4.0
1560,2024-12-26,C105,SP,Headset 7.1,Periféricos,1.0,349.0,5.0,entregue,5.0
1118,2024-04-27,,PE,SSD 500GB,Armazenamento,1.0,189.0,20.0,em_transito,
1638,2024-05-28,C035,MG,Mousepad XL,Periféricos,1.0,599.0,0.0,entregue,5.0
2081,2024-09-17,C070,MG,"Monitor 32"" 4K",Monitores,2.0,2499.0,0.0,em_transito,
1751,2024-08-14,C091,GO,Impressora Laser,Impressoras,1.0,999.0,20.0,devolvido,2.0
1513,2024-08-02,C029,RJ,Webcam 4K,Câmeras,1.0,499.0,5.0,cancelado,
1634,2024-02-11,C072,PE,Teclado RGB,Periféricos,1.0,189.9,5.0,entregue,5.0
1918,2024-11-19,C157,RJ,Teclado RGB,Periféricos,1.0,189.9,15.0,entregue,1.0
2113,2024-08-11,C006,SP,Carregador USB-C 65W,Acessórios,2.0,149.0,5.0,entregue,4.0
1964,2024-08-22,C082,SP,SSD 1TB,Armazenamento,5.0,289.0,5.0,entregue,5.0
1127,2024-10-09,C004,MG,Pendrive 64GB,Armazenamento,1.0,49.9,20.0,devolvido,2.0
1117,2024-08-12,C021,RS,Suporte Notebook,Acessórios,3.0,89.9,10.0,entregue,1.0
1474,2024-12-31,C092,MG,HD Externo 2TB,Armazenamento,2.0,349.0,0.0,entregue,4.0
1741,2024-09-24,C169,SP,"Monitor 32"" 4K",Monitores,3.0,2499.0,0.0,devolvido,1.0
2004,2024-01-21,C022,RJ,Carregador USB-C 65W,Acessórios,1.0,149.0,0.0,entregue,4.0
1058,2024-02-29,C067,SP,HD Externo 2TB,Armazenamento,5.0,349.0,0.0,entregue,4.0
1604,20/09/2024,C031,RJ,"Monitor 24""",Monitores,1.0,899.0,5.0,entregue,5.0
1787,21/03/2024,C082,SP,Teclado RGB,Periféricos,1.0,189.9,10.0,entregue,5.0
2037,2024-11-03,C061,RJ,Impressora Laser,Impressoras,1.0,999.0,0.0,entregue,5.0
1657,2024-11-04,C139,PE,Hub USB-C,Acessórios,3.0,129.0,10.0,entregue,4.0
1913,2024-02-19,C117,RS,Teclado RGB,Periféricos,3.0,189.9,0.0,cancelado,
1932,2024-06-20,C033,SP,Toner HP,Impressoras,1.0,129.0,0.0,entregue,4.0
1106,2024-10-20,C073,MG,Headset 7.1,Periféricos,1.0,349.0,0.0,entregue,5.0
1636,2024-07-26,C197,RS,Pendrive 64GB,Armazenamento,4.0,49.9,5.0,entregue,5.0
1370,2024-02-02,C043,RJ,Mouse Gamer,Periféricos,1.0,89.0,5.0,entregue,4.0
1269,2024-05-07,C041,BA,Impressora Laser,Impressoras,4.0,999.0,10.0,entregue,3.0
1656,2024-11-03,C010,CE,"Monitor 24""",Monitores,1.0,899.0,10.0,entregue,5.0
1047,2024-05-15,C130,MG,Hub USB-C,Acessórios,4.0,129.0,10.0,entregue,4.0
1350,2024-02-19,C135,SP,"Monitor 27"" 144Hz",Monitores,1.0,1499.0,5.0,cancelado,
1774,2024-03-13,C178,SC,Webcam HD,Câmeras,1.0,259.0,5.0,entregue,2.0
1196,2024-06-15,C044,BA,Cabo HDMI 2m,Acessórios,2.0,39.9,10.0,devolvido,1.0
1103,2024-10-28,C195,MG,Webcam HD,Câmeras,1.0,259.0,0.0,entregue,3.0
1005,2024-03-20,C056,ES,Webcam HD,Câmeras,1.0,259.0,0.0,entregue,5.0
1620,2024-11-12,C017,PR,Carregador USB-C 65W,Acessórios,1.0,149.0,10.0,entregue,5.0
2002,2024-07-13,C109,SP,Impressora Jato,Impressoras,1.0,599.0,0.0,em_transito,
1053,2024-03-31,C106,SP,Mouse Gamer,Periféricos,2.0,89.0,0.0,em_transito,
1264,2024-08-01,C159,RS,Headset 7.1,Periféricos,1.0,349.0,5.0,entregue,5.0
2097,2024-05-09,C091,SP,Mouse Gamer,Periféricos,1.0,89.0,5.0,entregue,5.0
1444,2024-07-03,C015,MG,Impressora Jato,Impressoras,1.0,599.0,0.0,entregue,3.0
1983,2024-10-24,C015,SP,"Monitor 24""",Monitores,1.0,899.0,10.0,entregue,2.0
1783,2024-07-14,C134,ES,Mouse Gamer,Periféricos,2.0,89.0,5.0,entregue,4.0
2050,2024-12-24,C093,GO,SSD 500GB,Armazenamento,2.0,189.0,5.0,entregue,4.0
1692,2024-11-09,C088,RJ,Cabo HDMI 2m,Acessórios,1.0,39.9,0.0,entregue,4.0
1305,2024-09-01,C083,DF,Impressora Jato,Impressoras,1.0,599.0,0.0,entregue,4.0
1342,2024-05-05,C128,MG,"Monitor 24""",Monitores,4.0,899.0,0.0,cancelado,
1876,2024-10-15,C067,SP,"Monitor 24""",Monitores,1.0,899.0,0.0,entregue,5.0
1314,2024-03-08,C132,RJ,SSD 1TB,Armazenamento,1.0,289.0,5.0,entregue,4.0
1150,2024-05-26,C199,BA,"Monitor 27"" 144Hz",Monitores,2.0,1499.0,0.0,entregue,5.0
1125,2024-09-12,C161,RJ,"Monitor 24""",Monitores,1.0,899.0,0.0,entregue,4.0
2067,2024-05-14,C061,RS,Suporte Notebook,Acessórios,4.0,89.9,0.0,entregue,4.0
1575,2024-03-21,C130,PE,Cabo HDMI 2m,Acessórios,3.0,39.9,15.0,entregue,4.0
1698,2024-02-19,C116,PR,Cabo HDMI 2m,Acessórios,1.0,39.9,0.0,entregue,5.0
1665,2024-09-04,C065,PA,Impressora Jato,Impressoras,1.0,599.0,10.0,entregue,3.0
1051,2024-01-21,C092,SP,Webcam HD,Câmeras,1.0,259.0,0.0,cancelado,
1727,2024-04-16,C122,RJ,Mousepad XL,Periféricos,5.0,59.9,15.0,entregue,5.0
1800,2024-06-04,C199,PE,Mouse Gamer,Periféricos,1.0,89.0,5.0,entregue,2.0
1834,2024-09-13,C040,SP,Headset 7.1,Periféricos,4.0,349.0,10.0,entregue,5.0
1354,2024-08-10,C166,BA,Headset 7.1,Periféricos,1.0,349.0,15.0,entregue,4.0
2157,2024-06-15,C023,BA,Mousepad XL,Periféricos,2.0,59.9,5.0,entregue,4.0
1143,2024-09-28,C106,MG,Teclado RGB,Periféricos,2.0,189.9,0.0,entregue,5.0
1471,2024-05-23,C115,CE,Impressora Laser,Impressoras,1.0,999.0,5.0,entregue,4.0
1654,2024-06-24,C117,RS,Suporte Notebook,Acessórios,1.0,89.9,0.0,entregue,1.0
1400,2024-07-28,C176,MG,Mouse Gamer,Periféricos,2.0,89.0,5.0,entregue,4.0
1908,2024-10-03,C165,RJ,Webcam HD,Câmeras,1.0,259.0,10.0,entregue,5.0
1926,2024-08-10,C065,RJ,Teclado RGB,Periféricos,3.0,189.9,10.0,entregue,5.0
1321,2024-06-01,C119,SC,"Monitor 32"" 4K",Monitores,1.0,2499.0,5.0,cancelado,
1020,2024-09-16,C156,SP,Carregador USB-C 65W,Acessórios,1.0,149.0,0.0,em_transito,
1685,2024-04-13,C064,PE,"Monitor 24""",Monitores,1.0,899.0,10.0,entregue,2.0
1036,2024-10-11,C170,PR,Hub USB-C,Acessórios,1.0,129.0,0.0,em_transito,
1825,2024-10-18,C158,ES,Suporte Notebook,Acessórios,3.0,89.9,0.0,cancelado,
1506,2024-10-28,C059,MG,Carregador USB-C 65W,Acessórios,3.0,149.0,10.0,entregue,4.0
1828,2024-10-16,C186,SC,"Monitor 27"" 144Hz",Monitores,1.0,1499.0,0.0,entregue,4.0
2075,2024-07-03,C111,SP,Mousepad XL,Periféricos,3.0,59.9,5.0,cancelado,
1408,2024-03-27,C083,ES,Cabo HDMI 2m,Acessórios,1.0,39.9,,em_transito,
1818,2024-09-27,C023,MG,Mousepad XL,Periféricos,2.0,59.9,15.0,em_transito,
1538,2024-12-09,C092,MG,Pendrive 64GB,Armazenamento,3.0,49.9,10.0,devolvido,1.0
1759,2024-12-25,C148,BA,Carregador USB-C 65W,Acessórios,1.0,149.0,5.0,entregue,5.0
2073,2024-09-14,C127,DF,SSD 1TB,Armazenamento,3.0,289.0,0.0,entregue,4.0
1903,2024-03-03,C146,MG,"Monitor 27"" 144Hz",Monitores,5.0,1499.0,0.0,entregue,2.0
1039,2024-04-30,C104,SP,Mouse Gamer,Periféricos,3.0,89.0,0.0,entregue,5.0
1176,2024-09-28,C076,MG,Teclado RGB,Periféricos,2.0,189.9,0.0,entregue,5.0
1246,2024-01-18,C033,SP,Cabo HDMI 2m,Acessórios,2.0,39.9,0.0,entregue,4.0
1811,2024-05-05,C141,SP,SSD 1TB,Armazenamento,2.0,289.0,10.0,entregue,3.0
2089,2024-11-30,C040,SP,Impressora Jato,Impressoras,1.0,599.0,5.0,cancelado,
2064,2024-08-10,C198,GO,Headset 7.1,Periféricos,1.0,349.0,10.0,entregue,5.0
1785,2024-03-11,C149,MG,"Monitor 27"" 144Hz",Monitores,3.0,1499.0,15.0,entregue,5.0
2190,2024-05-12,C146,PE,Webcam HD,Câmeras,3.0,259.0,10.0,entregue,5.0
1490,2024-02-23,C128,SP,Cabo HDMI 2m,Acessórios,2.0,39.9,,em_transito,
1155,2024-05-31,C192,CE,Impressora Laser,Impressoras,3.0,999.0,5.0,entregue,5.0
1639,2024-11-10,C176,SP,Teclado RGB,Periféricos,1.0,189.9,5.0,Entregue,5.0
1663,2024-10-26,C065,SP,Mouse Gamer,Periféricos,1.0,89.0,5.0,entregue,5.0
1854,2024-10-20,C125,SP,"Monitor 27"" 144Hz",Monitores,1.0,1499.0,0.0,entregue,4.0
1288,2024-05-06,C072,MG,Hub USB-C,Acessórios,1.0,129.0,20.0,entregue,4.0
1626,2024-06-25,C055,RJ,"Monitor 24""",Monitores,2.0,899.0,5.0,entregue,3.0
1618,2024-04-01,C065,MG,Cabo HDMI 2m,Acessórios,1.0,39.9,0.0,entregue,4.0
1686,2024-12-05,C127,RS,Mouse Gamer,Periféricos,2.0,89.0,5.0,entregue,4.0
2019,2024-08-28,C122,MG,Webcam 4K,Câmeras,1.0,499.0,0.0,entregue,5.0
1882,2024-03-26,C054,RS,Impressora Jato,Impressoras,3.0,599.0,0.0,entregue,5.0
1570,2024-01-15,C176,CE,Headset 7.1,Periféricos,2.0,349.0,15.0,entregue,4.0
2148,2024-08-04,C113,SC,"Monitor 32"" 4K",Monitores,4.0,2499.0,10.0,entregue,3.0
1735,2024-09-05,C181,RJ,Hub USB-C,Acessórios,1.0,129.0,10.0,entregue,3.0
1793,2024-04-04,C100,MG,Webcam 4K,Câmeras,1.0,499.0,0.0,entregue,5.0
1018,2024-10-01,C193,SP,HD Externo 2TB,Armazenamento,2.0,349.0,0.0,entregue,4.0
1128,2024-03-01,C166,PE,Suporte Notebook,Acessórios,1.0,89.9,10.0,entregue,4.0
1323,2024-02-27,C009,BA,Pendrive 64GB,Armazenamento,1.0,49.9,10.0,devolvido,1.0
1256,2024-09-02,C135,RJ,Teclado RGB,Periféricos,1.0,189.9,5.0,entregue,4.0
1954,2024-12-15,C139,DF,Suporte Notebook,Acessórios,1.0,89.9,5.0,cancelado,
2184,2024-07-17,C046,PE,Webcam 4K,Câmeras,3.0,499.0,20.0,entregue,4.0
1191,2024-09-26,C171,RJ,Cabo HDMI 2m,Acessórios,1.0,39.9,20.0,entregue,3.0
1116,2024-08-12,C032,MG,Suporte Notebook,Acessórios,1.0,89.9,5.0,entregue,4.0
2178,2024-10-11,C072,CE,Carregador USB-C 65W,Acessórios,1.0,149.0,5.0,cancelado,
1899,2024-10-19,C187,SP,Webcam HD,Câmeras,1.0,259.0,15.0,entregue,5.0
1607,2024-07-02,C019,BA,Impressora Jato,Impressoras,1.0,599.0,0.0,entregue,2.0
1181,2024-06-30,C171,DF,"Monitor 27"" 144Hz",Monitores,1.0,1499.0,15.0,entregue,4.0
1302,2024-06-18,C042,PR,Headset 7.1,Periféricos,2.0,3490.0,10.0,entregue,4.0
1497,2024-02-17,C087,RS,Headset 7.1,Periféricos,2.0,349.0,5.0,entregue,5.0
1349,2024-01-09,C129,BA,Mousepad XL,Periféricos,2.0,59.9,10.0,devolvido,1.0
2040,2024-09-05,C006,SP,Mouse Gamer,Periféricos,3.0,89.0,0.0,entregue,2.0
1994,2024-02-27,C020,SP,Toner HP,Impressoras,1.0,129.0,5.0,entregue,2.0
1745,2024-02-01,C093,MG,SSD 1TB,Armazenamento,4.0,289.0,5.0,entregue,5.0
2086,2024-10-18,C034,SP,Cabo HDMI 2m,Acessórios,1.0,39.9,5.0,entregue,2.0
1966,2024-12-07,C038,BA,HD Externo 2TB,Armazenamento,2.0,349.0,15.0,entregue,3.0
1518,2024-06-04,C080,SP,"Monitor 27"" 144Hz",Monitores,1.0,1499.0,10.0,entregue,5.0
1373,2024-11-29,C153,SP,Pendrive 64GB,Armazenamento,1.0,49.9,15.0,entregue,4.0
1046,2024-10-10,C040,SP,Headset 7.1,Periféricos,2.0,349.0,10.0,entregue,5.0
1477,2024-03-22,C026,SP,HD Externo 2TB,Armazenamento,1.0,349.0,5.0,cancelado,
1158,2024-12-10,C068,RS,Suporte Notebook,Acessórios,3.0,89.9,15.0,entregue,4.0
2051,2024-01-05,C101,DF,SSD 500GB,Armazenamento,4.0,1890.0,0.0,em_transito,
1172,2024-09-14,C057,DF,Carregador USB-C 65W,Acessórios,1.0,149.0,10.0,devolvido,2.0
1017,2024-08-27,,SP,Teclado RGB,Periféricos,1.0,189.9,15.0,entregue,3.0
1512,2024-06-15,C071,MG,SSD 500GB,Armazenamento,4.0,189.0,0.0,entregue,5.0
1049,2024-10-09,C181,RJ,Mousepad XL,Periféricos,1.0,59.9,0.0,devolvido,4.0
1192,2024-04-18,C197,SP,Cabo HDMI 2m,Acessórios,1.0,39.9,0.0,entregue,5.0
1547,2024-02-15,C034,RS,Pendrive 64GB,Armazenamento,2.0,49.9,5.0,em_transito,
1516,2024-03-14,C159,RS,"Monitor 24""",Monitores,2.0,899.0,0.0,devolvido,1.0
1989,2024-04-06,C144,RS,Suporte Notebook,Acessórios,3.0,89.9,5.0,entregue,4.0
1949,2024-12-14,C109,SP,SSD 500GB,Armazenamento,1.0,189.0,0.0,entregue,4.0
1829,2024-06-30,C017,ES,"Monitor 24""",Monitores,1.0,899.0,0.0,em_transito,
1995,2024-12-03,C132,RS,Webcam 4K,Câmeras,1.0,499.0,15.0,entregue,4.0
1481,2024-09-09,C139,RJ,Toner HP,Impressoras,1.0,129.0,0.0,entregue,3.0
2133,2024-12-04,C134,ES,SSD 500GB,Armazenamento,1.0,189.0,15.0,entregue,5.0
1284,2024-08-13,C081,RJ,Headset 7.1,Periféricos,1.0,349.0,0.0,entregue,5.0
2034,2024-11-10,C197,GO,Impressora Jato,Impressoras,4.0,599.0,10.0,entregue,3.0
1798,2024-08-21,C011,CE,Mousepad XL,Periféricos,1.0,59.9,5.0,em_transito,
1950,2024-03-03,C121,SC,Webcam HD,Câmeras,2.0,259.0,5.0,entregue,5.0
1226,2024-06-12,C026,PE,"Monitor 24""",Monitores,2.0,899.0,10.0,entregue,4.0
1027,2024-01-04,C019,SC,Toner HP,Impressoras,1.0,129.0,0.0,entregue,4.0
1283,2024-07-13,C038,PE,Mousepad XL,Periféricos,1.0,59.9,5.0,entregue,3.0
2154,2024-09-07,C001,SP,SSD 1TB,Armazenamento,1.0,289.0,15.0,entregue,4.0
1438,2024-12-23,C112,PR,SSD 500GB,Armazenamento,3.0,189.0,0.0,entregue,4.0
2172,2024-06-04,C146,RJ,Suporte Notebook,Acessórios,1.0,89.9,5.0,entregue,5.0
1365,2024-06-11,C093,SP,Webcam 4K,Câmeras,1.0,499.0,0.0,entregue,4.0
1230,2024-08-22,C017,SP,Headset 7.1,Periféricos,4.0,349.0,5.0,entregue,4.0
1038,2024-09-28,C041,SP,Webcam 4K,Câmeras,1.0,499.0,15.0,entregue,2.0
1670,2024-07-24,C158,SC,Mouse Gamer,Periféricos,1.0,89.0,20.0,entregue,5.0
1750,2024-04-02,C141,RJ,Headset 7.1,Periféricos,1.0,349.0,0.0,em_transito,
2187,2024-07-04,C010,SP,Carregador USB-C 65W,Acessórios,4.0,149.0,10.0,entregue,3.0
1375,2024-07-11,C072,BA,Cabo HDMI 2m,Acessórios,1.0,39.9,0.0,entregue,5.0
1470,2024-07-21,C128,SP,Pendrive 64GB,Armazenamento,2.0,49.9,0.0,entregue,3.0
1883,2024-01-27,C043,MG,Webcam HD,Câmeras,1.0,259.0,5.0,em_transito,
2186,2024-04-08,C024,BA,Webcam HD,Câmeras,2.0,259.0,10.0,entregue,5.0
1688,2024-09-18,C072,,Mouse Gamer,Periféricos,2.0,89.0,0.0,entregue,4.0
1033,2024-08-14,C141,SP,"Monitor 32"" 4K",Monitores,2.0,2499.0,5.0,entregue,3.0
2149,2024-09-15,C033,MG,SSD 500GB,Armazenamento,1.0,189.0,20.0,entregue,4.0
2043,2024-09-25,C065,MG,"Monitor 27"" 144Hz",monitores,1.0,1499.0,5.0,cancelado,
1195,2024-06-09,C148,RJ,"Monitor 27"" 144Hz",Monitores,1.0,1499.0,5.0,entregue,4.0
2110,2024-05-28,C010,MG,Carregador USB-C 65W,Acessórios,1.0,149.0,5.0,entregue,5.0
2118,2024-06-04,C061,SP,Webcam 4K,Câmeras,1.0,499.0,0.0,devolvido,1.0
1962,2024-12-06,C082,ES,Suporte Notebook,Acessórios,1.0,899.0,5.0,em_transito,
1504,2024-05-14,C113,MG,SSD 500GB,Armazenamento,,189.0,0.0,entregue,5.0
1916,2024-04-19,C196,SP,Mousepad XL,Periféricos,1.0,59.9,0.0,entregue,5.0
2016,2024-08-08,C031,,"Monitor 32"" 4K",Monitores,1.0,2499.0,0.0,entregue,2.0
2188,2024-11-22,C102,SP,Teclado RGB,Periféricos,1.0,189.9,5.0,entregue,3.0
2092,2024-07-07,C158,SP,Suporte Notebook,Acessórios,2.0,89.9,0.0,entregue,5.0
1801,2024-09-21,C037,MG,Toner HP,Impressoras,2.0,129.0,0.0,entregue,3.0
1580,2024-08-21,C088,RJ,Mousepad XL,Periféricos,1.0,59.9,0.0,entregue,4.0
1161,2024-06-04,C127,SP,Carregador USB-C 65W,Acessórios,1.0,149.0,5.0,entregue,4.0
1681,2024-04-22,C174,SC,Carregador USB-C 65W,Acessórios,3.0,149.0,5.0,entregue,4.0
2135,2024-12-24,C104,RJ,Webcam 4K,Câmeras,1.0,499.0,5.0,cancelado,
1163,2024-09-07,C158,RJ,Toner HP,Impressoras,4.0,129.0,0.0,entregue,4.0
1822,2024-03-01,C189,PE,Toner HP,Impressoras,2.0,129.0,20.0,entregue,4.0
1706,2024-12-24,C192,SP,Impressora Laser,Impressoras,1.0,999.0,0.0,entregue,5.0
2020,2024-07-12,C158,SC,Carregador USB-C 65W,Acessórios,2.0,149.0,0.0,entregue,5.0
1878,2024-03-08,C158,SP,Hub USB-C,Acessórios,3.0,129.0,0.0,entregue,3.0
1896,2024-01-31,C067,ES,Mouse Gamer,Periféricos,1.0,89.0,5.0,entregue,5.0
1914,2024-02-28,C128,RS,Toner HP,Impressoras,2.0,129.0,0.0,entregue,4.0
1885,2024-01-07,C074,DF,"Monitor 32"" 4K",monitores,1.0,2499.0,10.0,em_transito,
1153,2024-02-16,C076,RJ,"Monitor 24""",Monitores,1.0,899.0,0.0,cancelado,
2010,2024-11-25,C103,RJ,"Monitor 27"" 144Hz",Monitores,2.0,1499.0,20.0,em_transito,
2014,2024-09-23,C197,MG,Impressora Jato,Impressoras,1.0,599.0,0.0,entregue,4.0
1510,2024-02-10,C175,RJ,Pendrive 64GB,Armazenamento,5.0,49.9,5.0,cancelado,
1112,2024-07-28,,SC,"Monitor 24""",Monitores,1.0,899.0,0.0,entregue,4.0
1227,2024-08-29,C179,PE,"Monitor 24""",Monitores,2.0,899.0,5.0,entregue,5.0
1997,2024-12-09,C090,SP,Toner HP,Impressoras,1.0,129.0,10.0,entregue,4.0
1852,2024-09-03,C099,SP,SSD 1TB,Armazenamento,1.0,289.0,10.0,entregue,5.0
1104,2024-04-01,C078,SP,Headset 7.1,Periféricos,1.0,349.0,0.0,em_transito,
1422,2024-04-25,C133,SC,Headset 7.1,Periféricos,1.0,349.0,10.0,cancelado,
1420,2024-02-12,C096,SC,"Monitor 24""",Monitores,2.0,899.0,0.0,entregue,5.0
1968,2024-08-16,C092,SP,Cabo HDMI 2m,Acessórios,1.0,39.9,5.0,entregue,3.0
1625,2024-10-20,C153,RJ,"Monitor 24""",Monitores,-1.0,899.0,0.0,entregue,5.0
1587,2024-01-03,C136,PR,Webcam 4K,Câmeras,1.0,499.0,5.0,entregue,5.0
2125,2024-12-28,C114,PR,Hub USB-C,Acessórios,1.0,129.0,15.0,entregue,4.0
1920,2024-08-31,C178,SP,Teclado RGB,Periféricos,1.0,189.9,0.0,entregue,4.0
1673,2024-12-11,C010,RJ,Teclado RGB,periféricos,2.0,189.9,20.0,entregue,4.0
1120,2024-05-22,C047,PA,Impressora Laser,Impressoras,1.0,999.0,10.0,em_transito,
1054,08/12/2024,C189,BA,"Monitor 27"" 144Hz",Monitores,1.0,1499.0,10.0,entregue,5.0
1152,2024-11-26,C011,RJ,Webcam 4K,Câmeras,1.0,499.0,,cancelado,
1404,2024-08-05,C027,PR,Teclado RGB,Periféricos,2.0,189.9,0.0,devolvido,1.0
2194,2024-04-24,C013,SP,Headset 7.1,Periféricos,1.0,349.0,5.0,entregue,3.0
1208,29/03/2024,C011,SP,Webcam HD,Câmeras,,259.0,5.0,entregue,3.0
2139,2024-11-21,C041,SP,"Monitor 24""",Monitores,3.0,899.0,5.0,entregue,5.0
1659,2024-06-28,C151,BA,SSD 1TB,Armazenamento,4.0,289.0,10.0,entregue,4.0
2101,2024-09-30,C005,SP,"Monitor 24""",Monitores,1.0,899.0,0.0,entregue,5.0
1233,2024-09-16,C142,SP,Cabo HDMI 2m,Acessórios,3.0,39.9,0.0,entregue,4.0
1009,2024-02-21,C098,SP,SSD 1TB,Armazenamento,2.0,289.0,0.0,entregue,3.0
1160,2024-08-25,C180,RJ,Toner HP,Impressoras,1.0,129.0,0.0,em_transito,
1037,2024-10-23,C189,MG,Impressora Jato,Impressoras,2.0,599.0,0.0,entregue,4.0
1453,2024-04-29,C139,RJ,Carregador USB-C 65W,Acessórios,3.0,149.0,15.0,em_transito,
1652,2024-04-20,C115,RS,Carregador USB-C 65W,Acessórios,1.0,149.0,5.0,entregue,4.0
1254,2024-04-12,C036,SP,Webcam 4K,Câmeras,1.0,499.0,0.0,entregue,4.0
1304,2024-08-06,C132,RJ,Hub USB-C,Acessórios,1.0,129.0,0.0,em_transito,
1897,2024-11-08,C101,SP,Hub USB-C,Acessórios,1.0,129.0,0.0,cancelado,
2053,2024-11-25,C105,BA,Hub USB-C,Acessórios,1.0,129.0,0.0,cancelado,
1881,2024-03-19,C127,PR,SSD 500GB,Armazenamento,1.0,189.0,0.0,entregue,5.0
1572,2024-10-22,C186,MG,SSD 1TB,Armazenamento,5.0,289.0,10.0,entregue,4.0
1624,2024-11-27,C096,ES,Headset 7.1,Periféricos,1.0,349.0,15.0,entregue,2.0
1346,2024-07-30,C036,PE,HD Externo 2TB,Armazenamento,1.0,349.0,10.0,entregue,4.0
2035,2024-08-24,C038,SP,Teclado RGB,Periféricos,2.0,189.9,10.0,devolvido,2.0
2030,2024-10-17,C136,MG,Pendrive 64GB,Armazenamento,1.0,49.9,10.0,entregue,4.0
1263,2024-01-15,C021,SP,"Monitor 32"" 4K",Monitores,2.0,2499.0,5.0,entregue,5.0
1611,2024-05-04,C011,SC,Carregador USB-C 65W,Acessórios,1.0,149.0,15.0,em_transito,
1298,2024-03-30,C107,CE,Teclado RGB,Periféricos,1.0,189.9,15.0,em_transito,
1990,2024-02-28,C107,MG,Suporte Notebook,Acessórios,1.0,89.9,10.0,em_transito,
1415,2024-07-22,C056,ES,Headset 7.1,Periféricos,3.0,349.0,5.0,entregue,4.0
1151,2024-12-13,C194,PR,Webcam HD,Câmeras,2.0,259.0,10.0,entregue,5.0
1946,2024-11-12,C011,RJ,"Monitor 24""",Monitores,1.0,899.0,5.0,entregue,5.0
1473,2024-09-26,C064,RS,Mousepad XL,Periféricos,3.0,59.9,10.0,em_transito,
1953,2024-12-22,C038,MG,Webcam HD,Câmeras,3.0,259.0,5.0,entregue,4.0
1988,2024-09-05,C106,RJ,Webcam HD,Câmeras,4.0,259.0,0.0,entregue,3.0
1779,2024-10-14,C183,SP,Webcam 4K,Câmeras,1.0,499.0,5.0,entregue,4.0
1641,2024-02-02,C068,RJ,Webcam HD,Câmeras,1.0,259.0,0.0,devolvido,1.0
2195,2024-02-11,C147,BA,Impressora Jato,Impressoras,5.0,599.0,0.0,entregue,5.0
2134,2024-06-09,C089,SP,Mousepad XL,Periféricos,1.0,59.9,5.0,em_transito,
1551,2024-05-28,C117,PR,"Monitor 27"" 144Hz",Monitores,1.0,1499.0,0.0,devolvido,5.0
1640,2024-12-03,C038,PR,Carregador USB-C 65W,Acessórios,1.0,149.0,0.0,entregue,4.0
1936,2024-05-06,C084,RJ,Suporte Notebook,Acessórios,1.0,89.9,15.0,em_transito,
1929,26/02/2024,C084,SP,Suporte Notebook,Acessórios,1.0,89.9,5.0,entregue,5.0
1489,2024-10-17,C009,SP,Mousepad XL,Periféricos,1.0,59.9,10.0,entregue,5.0
2085,2024-05-17,C153,SC,Impressora Laser,Impressoras,1.0,999.0,0.0,entregue,4.0
1147,2024-06-03,C051,PA,Webcam 4K,Câmeras,3.0,499.0,0.0,entregue,4.0
1403,2024-10-05,C094,MG,Impressora Laser,Impressoras,2.0,999.0,10.0,entregue,3.0
1955,2024-01-11,C075,SP,Hub USB-C,Acessórios,1.0,129.0,10.0,cancelado,
2129,2024-08-07,C106,GO,"Monitor 24""",Monitores,3.0,899.0,20.0,entregue,5.0
1660,2024-05-10,C123,PR,Impressora Laser,Impressoras,4.0,999.0,0.0,entregue,4.0
1464,2024-05-13,C045,SP,Headset 7.1,Periféricos,1.0,349.0,5.0,cancelado,
1187,2024-01-16,C024,PR,Toner HP,Impressoras,1.0,129.0,5.0,entregue,4.0
1609,2024-06-18,C085,RJ,Carregador USB-C 65W,Acessórios,1.0,149.0,10.0,entregue,5.0
1144,2024-11-13,C175,SP,Teclado RGB,Periféricos,4.0,189.9,0.0,entregue,4.0
1752,2024-11-20,C111,PE,Suporte Notebook,Acessórios,1.0,89.9,0.0,entregue,4.0
1982,2024-08-31,C178,BA,Hub USB-C,Acessórios,1.0,129.0,10.0,entregue,4.0
1198,2024-04-23,C086,BA,Toner HP,Impressoras,1.0,129.0,5.0,entregue,3.0
1884,2024-09-29,C060,RJ,Webcam HD,Câmeras,2.0,259.0,5.0,entregue,5.0
1280,2024-07-07,C085,SC,"Monitor 24""",Monitores,5.0,899.0,5.0,cancelado,
1294,2024-09-28,C058,RS,Hub USB-C,Acessórios,1.0,129.0,5.0,entregue,3.0
2093,2024-12-12,C058,RS,"Monitor 24""",Monitores,2.0,899.0,15.0,entregue,5.0
1401,2024-04-22,,SP,Toner HP,Impressoras,1.0,129.0,0.0,cancelado,
1123,2024-05-09,C083,SP,Toner HP,Impressoras,2.0,129.0,15.0,cancelado,
1203,2024-02-04,C121,RJ,Toner HP,Impressoras,1.0,129.0,0.0,entregue,4.0
1836,2024-01-19,C118,RJ,"Monitor 27"" 144Hz",Monitores,3.0,1499.0,0.0,entregue,2.0
1247,2024-11-05,C040,SC,Headset 7.1,Periféricos,4.0,349.0,0.0,cancelado,
2144,2024-10-20,C173,SP,Webcam HD,Câmeras,1.0,259.0,10.0,entregue,4.0
1385,2024-06-25,C007,MG,Suporte Notebook,Acessórios,1.0,89.9,15.0,entregue,5.0
1855,2024-06-06,C104,SP,Headset 7.1,Periféricos,1.0,349.0,10.0,cancelado,
1220,2024-08-28,C050,RJ,Toner HP,Impressoras,4.0,129.0,20.0,entregue,4.0
1642,2024-08-28,C117,CE,Mouse Gamer,Periféricos,1.0,89.0,5.0,entregue,5.0
1002,2024-12-12,C190,GO,Toner HP,Impressoras,1.0,129.0,5.0,entregue,3.0
1113,2024-08-20,C019,SC,Hub USB-C,Acessórios,4.0,129.0,10.0,entregue,5.0
1699,2024-06-25,C006,RJ,Webcam HD,Câmeras,1.0,259.0,10.0,entregue,4.0
1952,2024-02-11,C101,GO,"Monitor 27"" 144Hz",Monitores,1.0,1499.0,20.0,entregue,4.0
2180,2024-06-13,C088,SP,SSD 1TB,Armazenamento,4.0,289.0,0.0,devolvido,1.0
1442,2024-05-17,C188,CE,"Monitor 32"" 4K",Monitores,2.0,2499.0,0.0,cancelado,
1664,2024-07-22,C194,SP,"Monitor 27"" 144Hz",Monitores,1.0,1499.0,5.0,entregue,4.0
2100,2024-04-05,C055,SP,Toner HP,Impressoras,2.0,129.0,5.0,devolvido,1.0
1318,2024-08-03,C096,PA,Headset 7.1,Periféricos,1.0,349.0,15.0,devolvido,1.0
1649,2024-05-04,C012,SP,Teclado RGB,Periféricos,1.0,189.9,0.0,entregue,5.0
1710,2024-06-15,C122,MG,SSD 500GB,Armazenamento,3.0,189.0,15.0,entregue,3.0
1973,2024-07-31,C114,SP,SSD 500GB,Armazenamento,3.0,189.0,20.0,entregue,5.0
1628,2024-10-08,C119,RS,SSD 500GB,Armazenamento,1.0,189.0,10.0,entregue,3.0
1633,2024-09-02,,RJ,Hub USB-C,Acessórios,2.0,129.0,5.0,entregue,5.0
2176,2024-07-13,C090,PE,Toner HP,Impressoras,1.0,129.0,10.0,entregue,3.0
2111,2024-09-06,C060,PR,SSD 500GB,Armazenamento,1.0,189.0,5.0,entregue,2.0
1796,2024-07-26,C199,SP,Webcam HD,Câmeras,2.0,259.0,0.0,entregue,5.0
1646,2024-09-13,C036,RJ,Headset 7.1,Periféricos,1.0,349.0,5.0,entregue,3.0
2013,2024-07-14,C155,SC,SSD 1TB,Armazenamento,1.0,289.0,5.0,entregue,2.0
1557,2024-11-18,C003,RJ,SSD 1TB,Armazenamento,2.0,289.0,10.0,entregue,5.0
1682,2024-12-24,C068,SP,SSD 500GB,Armazenamento,1.0,189.0,10.0,cancelado,
1578,2024-03-01,C128,PR,HD Externo 2TB,Armazenamento,1.0,349.0,5.0,entregue,4.0
1525,2024-08-16,C046,ES,Carregador USB-C 65W,acessórios,1.0,149.0,5.0,entregue,5.0
2060,16/06/2024,C073,SP,Headset 7.1,Periféricos,1.0,349.0,0.0,devolvido,4.0
1541,2024-08-03,C085,RJ,Toner HP,Impressoras,1.0,129.0,5.0,entregue,2.0
1749,2024-11-22,C148,RJ,"Monitor 27"" 144Hz",Monitores,1.0,1499.0,10.0,devolvido,1.0
2114,2024-10-27,C176,RJ,Impressora Jato,Impressoras,2.0,599.0,10.0,entregue,3.0
1485,2024-06-03,C083,SP,"Monitor 24""",Monitores,1.0,899.0,15.0,cancelado,
1096,2024-01-15,C127,PE,HD Externo 2TB,Armazenamento,1.0,349.0,0.0,cancelado,
2021,2024-03-06,C094,RJ,Toner HP,Impressoras,2.0,129.0,0.0,devolvido,1.0
1564,2024-03-30,C011,PE,Suporte Notebook,Acessórios,1.0,89.9,10.0,entregue,3.0
1743,2024-12-25,C152,SP,Suporte Notebook,Acessórios,1.0,89.9,5.0,entregue,5.0
1864,2024-07-03,C107,SP,HD Externo 2TB,Armazenamento,5.0,349.0,10.0,entregue,2.0
1892,2024-11-22,C032,SC,Teclado RGB,Periféricos,1.0,189.9,15.0,entregue,5.0
2039,2024-03-10,,SP,Impressora Jato,Impressoras,3.0,599.0,10.0,entregue,5.0
1207,2024-02-01,C116,SP,Teclado RGB,Periféricos,3.0,189.9,0.0,entregue,4.0
1393,2024-05-14,C172,CE,"Monitor 32"" 4K",Monitores,1.0,2499.0,5.0,entregue,5.0
1795,2024-03-31,C113,CE,Impressora Laser,Impressoras,1.0,999.0,0.0,entregue,4.0
1871,2024-09-26,C193,BA,Webcam 4K,Câmeras,1.0,499.0,0.0,devolvido,1.0
1398,2024-03-29,C143,SP,"Monitor 24""",Monitores,1.0,899.0,0.0,devolvido,2.0
1767,2024-11-11,C189,MG,Impressora Jato,Impressoras,1.0,599.0,0.0,entregue,5.0
2104,2024-01-08,C049,SP,Webcam 4K,Câmeras,1.0,499.0,20.0,devolvido,1.0
2029,2024-11-15,C191,ES,Carregador USB-C 65W,Acessórios,2.0,149.0,5.0,entregue,4.0
1643,2024-11-20,C071,PE,Webcam HD,Câmeras,1.0,259.0,5.0,entregue,5.0
1613,2024-07-10,C132,BA,Teclado RGB,Periféricos,1.0,189.9,0.0,devolvido,1.0
1961,2024-01-22,C082,RS,Teclado RGB,Periféricos,1.0,189.9,0.0,entregue,5.0
1726,2024-05-06,C189,PA,Carregador USB-C 65W,Acessórios,1.0,149.0,10.0,entregue,5.0
1684,2024-12-15,C049,MG,Toner HP,Impressoras,1.0,129.0,10.0,devolvido,1.0
1099,2024-09-08,C115,BA,Cabo HDMI 2m,Acessórios,1.0,39.9,0.0,entregue,4.0
1805,2024-12-28,C099,PR,"Monitor 27"" 144Hz",Monitores,5.0,1499.0,5.0,entregue,4.0
1407,2024-03-12,C053,BA,Mousepad XL,Periféricos,3.0,59.9,5.0,entregue,5.0
1503,2024-02-16,C165,MG,Webcam 4K,Câmeras,1.0,499.0,15.0,entregue,4.0
2072,2024-07-21,C172,RJ,Hub USB-C,Acessórios,5.0,129.0,5.0,entregue,4.0
2057,2024-11-24,C035,SP,"Monitor 32"" 4K",Monitores,1.0,2499.0,0.0,entregue,3.0
1930,07/02/2024,C121,RS,Mousepad XL,Periféricos,1.0,59.9,5.0,entregue,5.0
1780,2024-03-21,C005,RJ,"Monitor 24""",Monitores,1.0,899.0,5.0,entregue,5.0
1201,2024-09-09,C119,PR,Headset 7.1,Periféricos,2.0,349.0,5.0,em_transito,
1135,2024-12-27,C098,RJ,SSD 500GB,Armazenamento,2.0,189.0,10.0,em_transito,
2052,2024-04-30,C077,SP,Impressora Laser,Impressoras,3.0,999.0,15.0,entregue,5.0
1041,2024-05-02,C068,RJ,Suporte Notebook,Acessórios,2.0,89.9,0.0,entregue,5.0
2018,2024-07-18,C125,PR,Toner HP,Impressoras,1.0,129.0,5.0,entregue,4.0
1231,2024-05-03,C184,SP,Impressora Laser,Impressoras,1.0,999.0,5.0,entregue,4.0
1379,2024-07-12,C019,RJ,HD Externo 2TB,Armazenamento,1.0,349.0,5.0,entregue,5.0
1289,2024-04-16,C177,SC,"Monitor 27"" 144Hz",Monitores,1.0,1499.0,0.0,em_transito,
1419,2024-03-08,C167,RJ,SSD 1TB,Armazenamento,3.0,289.0,15.0,entregue,4.0
1392,2024-02-02,C148,SP,Cabo HDMI 2m,Acessórios,3.0,39.9,0.0,entregue,4.0
1593,2024-03-08,C182,SC,Hub USB-C,Acessórios,4.0,129.0,5.0,entregue,4.0
2087,2024-02-06,C141,ES,Impressora Laser,Impressoras,1.0,999.0,0.0,entregue,5.0
1648,2024-02-28,C124,SC,HD Externo 2TB,Armazenamento,1.0,349.0,5.0,entregue,4.0
1521,2024-09-21,C096,PE,Cabo HDMI 2m,Acessórios,1.0,39.9,0.0,entregue,4.0
1065,2024-10-23,C156,SC,Webcam HD,Câmeras,1.0,259.0,5.0,entregue,4.0
1015,2024-07-23,C093,SP,"Monitor 27"" 144Hz",Monitores,5.0,1499.0,5.0,entregue,2.0
2065,2024-04-07,C069,SP,Impressora Laser,Impressoras,1.0,999.0,0.0,devolvido,2.0
1493,2024-01-01,C013,RJ,SSD 500GB,Armazenamento,2.0,189.0,20.0,devolvido,2.0
1380,2024-12-20,C108,MG,Cabo HDMI 2m,Acessórios,2.0,39.9,0.0,devolvido,2.0
1188,2024-06-15,C199,DF,Mouse Gamer,Periféricos,1.0,89.0,15.0,entregue,5.0
1764,2024-09-15,C024,SP,Headset 7.1,Periféricos,1.0,349.0,0.0,entregue,3.0
1217,2024-03-08,C153,RJ,"Monitor 32"" 4K",Monitores,1.0,2499.0,10.0,cancelado,
1792,2024-02-10,C177,BA,SSD 1TB,Armazenamento,1.0,289.0,10.0,entregue,5.0
2077,2024-03-18,C143,PE,"Monitor 24""",Monitores,2.0,899.0,10.0,entregue,3.0
1879,2024-10-29,C190,SP,Mousepad XL,Periféricos,1.0,59.9,10.0,entregue,5.0
1338,2024-05-24,C098,MG,SSD 500GB,Armazenamento,2.0,189.0,0.0,entregue,5.0
1720,2024-05-19,C180,RS,Pendrive 64GB,Armazenamento,1.0,49.9,0.0,entregue,4.0
1296,2024-08-31,C123,SC,Teclado RGB,Periféricos,2.0,189.9,0.0,entregue,2.0
2017,2024-10-12,C169,CE,Carregador USB-C 65W,Acessórios,1.0,149.0,10.0,entregue,3.0
1456,2024-04-28,C134,RJ,Mousepad XL,Periféricos,3.0,59.9,5.0,cancelado,
1816,2024-08-06,C141,SP,"Monitor 24""",Monitores,1.0,899.0,0.0,devolvido,1.0
1270,2024-09-20,C120,MG,Hub USB-C,Acessórios,1.0,129.0,0.0,em_transito,
1996,2024-01-06,C194,SP,Headset 7.1,Periféricos,1.0,349.0,5.0,entregue,3.0
1202,2024-10-16,C165,RS,Impressora Laser,Impressoras,2.0,999.0,15.0,entregue,3.0
1162,2024-12-22,C139,RJ,Carregador USB-C 65W,Acessórios,2.0,149.0,0.0,entregue,3.0
1730,2024-10-26,C031,RJ,Carregador USB-C 65W,Acessórios,1.0,149.0,20.0,entregue,5.0
1402,2024-10-16,C191,BA,SSD 500GB,Armazenamento,,189.0,5.0,entregue,4.0
1703,2024-04-26,,RJ,Headset 7.1,Periféricos,1.0,349.0,0.0,entregue,4.0
2130,2024-01-16,C114,SP,SSD 1TB,Armazenamento,1.0,289.0,10.0,em_transito,
1566,2024-11-14,C069,CE,Carregador USB-C 65W,Acessórios,1.0,149.0,10.0,entregue,4.0
2022,2024-02-19,C110,RJ,Webcam HD,Câmeras,1.0,259.0,0.0,entregue,4.0
2026,2024-10-20,C026,BA,Pendrive 64GB,Armazenamento,1.0,49.9,10.0,entregue,4.0
2105,2024-11-28,C038,RS,Mouse Gamer,Periféricos,1.0,89.0,5.0,cancelado,
1206,2024-01-22,C116,GO,Webcam 4K,Câmeras,1.0,499.0,0.0,entregue,4.0
1035,2024-01-02,C100,SP,Mousepad XL,Periféricos,2.0,59.9,5.0,entregue,5.0
1776,2024-01-05,C018,RJ,HD Externo 2TB,Armazenamento,1.0,349.0,15.0,entregue,5.0
1509,2024-08-17,C045,DF,Hub USB-C,Acessórios,1.0,129.0,0.0,entregue,2.0
2189,2024-10-16,C173,SC,SSD 1TB,Armazenamento,1.0,289.0,0.0,entregue,2.0
1092,2024-08-03,C126,SP,Webcam 4K,Câmeras,5.0,499.0,5.0,cancelado,
1898,2024-04-21,C158,RS,Webcam HD,Câmeras,4.0,259.0,10.0,entregue,2.0
1565,2024-01-24,C003,PE,Webcam 4K,Câmeras,2.0,499.0,0.0,entregue,4.0
1777,2024-01-10,C075,CE,Impressora Laser,Impressoras,-1.0,999.0,0.0,entregue,5.0
1242,2024-10-06,C076,RJ,"Monitor 27"" 144Hz",Monitores,1.0,1499.0,10.0,entregue,5.0
1014,2024-05-15,C036,SP,HD Externo 2TB,Armazenamento,1.0,349.0,,entregue,5.0
1316,2024-12-24,C017,MG,"Monitor 32"" 4K",Monitores,1.0,2499.0,15.0,em_transito,
1601,2024-01-28,C004,PR,SSD 500GB,Armazenamento,1.0,189.0,15.0,devolvido,2.0
1388,2024-02-28,,PE,Toner HP,Impressoras,2.0,129.0,10.0,entregue,5.0
1167,2024-05-04,C033,BA,Headset 7.1,Periféricos,1.0,349.0,10.0,entregue,5.0
1841,2024-12-26,C073,RS,HD Externo 2TB,Armazenamento,1.0,349.0,0.0,devolvido,2.0
1021,2024-09-28,C001,RS,SSD 500GB,Armazenamento,1.0,189.0,,entregue,5.0
1647,2024-03-21,C093,RS,Impressora Jato,Impressoras,3.0,599.0,10.0,entregue,4.0
2155,2024-10-16,C116,GO,Teclado RGB,Periféricos,2.0,189.9,5.0,cancelado,
1832,2024-07-09,C116,PE,Pendrive 64GB,Armazenamento,1.0,49.9,5.0,entregue,4.0
1563,2024-02-21,C066,RS,Impressora Jato,Impressoras,1.0,599.0,20.0,entregue,2.0
2175,2024-01-01,C016,DF,Headset 7.1,Periféricos,1.0,349.0,5.0,cancelado,
1687,2024-11-13,C081,MG,"Monitor 27"" 144Hz",Monitores,5.0,1499.0,15.0,devolvido,2.0
1958,2024-06-05,,BA,Pendrive 64GB,Armazenamento,1.0,49.9,0.0,entregue,5.0
1190,2024-04-20,C194,MG,SSD 1TB,Armazenamento,1.0,289.0,0.0,entregue,5.0
1976,2024-05-19,C107,SP,Impressora Laser,Impressoras,1.0,999.0,5.0,devolvido,1.0
1700,2024-11-28,,MG,Mousepad XL,Periféricos,5.0,59.9,0.0,entregue,4.0
1511,2024-05-12,C082,GO,Webcam HD,Câmeras,4.0,259.0,0.0,entregue,4.0
2083,2024-02-18,C085,SP,"Monitor 32"" 4K",Monitores,2.0,2499.0,10.0,entregue,5.0
1475,2024-05-18,C047,SP,Webcam 4K,Câmeras,1.0,499.0,0.0,cancelado,
1857,2024-10-24,C194,RS,"Monitor 24""",Monitores,1.0,899.0,0.0,entregue,4.0
1748,2024-10-18,C161,DF,Impressora Jato,Impressoras,1.0,599.0,5.0,cancelado,
1253,2024-03-21,C183,SC,Cabo HDMI 2m,Acessórios,2.0,39.9,0.0,entregue,3.0
1022,06/06/2024,C062,SP,Cabo HDMI 2m,Acessórios,3.0,39.9,15.0,entregue,4.0
1460,2024-03-10,C200,BA,"Monitor 24""",Monitores,1.0,899.0,0.0,entregue,4.0
2185,2024-04-08,,SP,Webcam 4K,Câmeras,2.0,499.0,10.0,entregue,5.0
1277,2024-03-11,C183,RJ,Teclado RGB,Periféricos,1.0,189.9,5.0,entregue,4.0
1956,2024-09-23,C166,,SSD 1TB,Armazenamento,1.0,289.0,10.0,cancelado,
1386,2024-03-13,C090,RJ,Carregador USB-C 65W,Acessórios,1.0,149.0,0.0,entregue,4.0
1806,2024-01-23,C197,SP,Carregador USB-C 65W,Acessórios,1.0,149.0,15.0,devolvido,1.0
1344,2024-03-27,C036,PR,Webcam HD,Câmeras,1.0,259.0,15.0,entregue,5.0
1770,2024-08-14,C160,SP,Suporte Notebook,Acessórios,1.0,89.9,,entregue,4.0
1131,2024-07-31,C088,DF,Pendrive 64GB,Armazenamento,1.0,49.9,10.0,entregue,4.0
1872,2024-08-29,C162,PR,"Monitor 24""",Monitores,5.0,899.0,0.0,entregue,5.0
2124,2024-09-16,C027,SP,SSD 1TB,Armazenamento,1.0,289.0,0.0,entregue,5.0
1088,2024-02-28,C200,BA,Teclado RGB,Periféricos,5.0,189.9,0.0,entregue,4.0
1331,2024-04-25,C077,PE,Impressora Laser,Impressoras,1.0,999.0,5.0,entregue,4.0
1467,2024-02-13,C150,RS,Carregador USB-C 65W,Acessórios,4.0,149.0,0.0,em_transito,
1122,2024-09-10,C074,SC,Carregador USB-C 65W,Acessórios,1.0,149.0,10.0,entregue,3.0
2045,2024-08-04,C056,SP,Mousepad XL,Periféricos,1.0,59.9,20.0,entregue,4.0
2096,2024-01-24,C132,SP,SSD 500GB,Armazenamento,1.0,189.0,0.0,entregue,4.0
2131,2024-02-13,C087,RJ,"Monitor 27"" 144Hz",Monitores,5.0,1499.0,0.0,entregue,5.0
1861,2024-10-08,C014,SP,SSD 1TB,Armazenamento,1.0,289.0,20.0,entregue,4.0
2127,2024-05-05,C122,RJ,Pendrive 64GB,Armazenamento,1.0,49.9,0.0,entregue,5.0
